case_id,bag,temperature_c,rpm,angle_deg,fill_l,sweep_ml_min,vcd_million_ml,quasi_static_power_density_w_m3,quasi_static_power_w,quasi_static_power_status
case_0001,cellbag10,37.0,17.0,4.0,3.0,50.0,2.0,8.397657172606351,0.025192971517819053,uncalibrated
case_0002,cellbag10,37.0,17.0,4.0,3.0,50.0,5.0,8.397657172606351,0.025192971517819053,uncalibrated
case_0003,cellbag10,37.0,17.0,4.0,3.0,50.0,10.0,8.397657172606351,0.025192971517819053,uncalibrated
case_0004,cellbag10,37.0,17.0,4.0,3.0,50.0,20.0,8.397657172606351,0.025192971517819053,uncalibrated
case_0005,cellbag10,37.0,17.0,4.0,3.0,100.0,2.0,8.397657172606351,0.025192971517819053,uncalibrated
case_0006,cellbag10,37.0,17.0,4.0,3.0,100.0,5.0,8.397657172606351,0.025192971517819053,uncalibrated
case_0007,cellbag10,37.0,17.0,4.0,3.0,100.0,10.0,8.397657172606351,0.025192971517819053,uncalibrated
case_0008,cellbag10,37.0,17.0,4.0,3.0,100.0,20.0,8.397657172606351,0.025192971517819053,uncalibrated
case_0009,cellbag10,37.0,17.0,4.0,3.0,300.0,2.0,8.397657172606351,0.025192971517819053,uncalibrated
case_0010,cellbag10,37.0,17.0,4.0,3.0,300.0,5.0,8.397657172606351,0.025192971517819053,uncalibrated
case_0011,cellbag10,37.0,17.0,4.0,3.0,300.0,10.0,8.397657172606351,0.025192971517819053,uncalibrated
case_0012,cellbag10,37.0,17.0,4.0,3.0,300.0,20.0,8.397657172606351,0.025192971517819053,uncalibrated
case_0013,cellbag10,37.0,17.0,4.0,3.0,1000.0,2.0,8.397657172606351,0.025192971517819053,uncalibrated
case_0014,cellbag10,37.0,17.0,4.0,3.0,1000.0,5.0,8.397657172606351,0.025192971517819053,uncalibrated
case_0015,cellbag10,37.0,17.0,4.0,3.0,1000.0,10.0,8.397657172606351,0.025192971517819053,uncalibrated
case_0016,cellbag10,37.0,17.0,4.0,3.0,1000.0,20.0,8.397657172606351,0.025192971517819053,uncalibrated
case_0017,cellbag10,37.0,17.0,4.0,4.0,50.0,2.0,6.298242879454764,0.025192971517819056,uncalibrated
case_0018,cellbag10,37.0,17.0,4.0,4.0,50.0,5.0,6.298242879454764,0.025192971517819056,uncalibrated
case_0019,cellbag10,37.0,17.0,4.0,4.0,50.0,10.0,6.298242879454764,0.025192971517819056,uncalibrated
case_0020,cellbag10,37.0,17.0,4.0,4.0,50.0,20.0,6.298242879454764,0.025192971517819056,uncalibrated
case_0021,cellbag10,37.0,17.0,4.0,4.0,100.0,2.0,6.298242879454764,0.025192971517819056,uncalibrated
case_0022,cellbag10,37.0,17.0,4.0,4.0,100.0,5.0,6.298242879454764,0.025192971517819056,uncalibrated
case_0023,cellbag10,37.0,17.0,4.0,4.0,100.0,10.0,6.298242879454764,0.025192971517819056,uncalibrated
case_0024,cellbag10,37.0,17.0,4.0,4.0,100.0,20.0,6.298242879454764,0.025192971517819056,uncalibrated
case_0025,cellbag10,37.0,17.0,4.0,4.0,300.0,2.0,6.298242879454764,0.025192971517819056,uncalibrated
case_0026,cellbag10,37.0,17.0,4.0,4.0,300.0,5.0,6.298242879454764,0.025192971517819056,uncalibrated
case_0027,cellbag10,37.0,17.0,4.0,4.0,300.0,10.0,6.298242879454764,0.025192971517819056,uncalibrated
case_0028,cellbag10,37.0,17.0,4.0,4.0,300.0,20.0,6.298242879454764,0.025192971517819056,uncalibrated
case_0029,cellbag10,37.0,17.0,4.0,4.0,1000.0,2.0,6.298242879454764,0.025192971517819056,uncalibrated
case_0030,cellbag10,37.0,17.0,4.0,4.0,1000.0,5.0,6.298242879454764,0.025192971517819056,uncalibrated
case_0031,cellbag10,37.0,17.0,4.0,4.0,1000.0,10.0,6.298242879454764,0.025192971517819056,uncalibrated
case_0032,cellbag10,37.0,17.0,4.0,4.0,1000.0,20.0,6.298242879454764,0.025192971517819056,uncalibrated
case_0033,cellbag10,37.0,17.0,4.0,5.0,50.0,2.0,5.03859430356381,0.025192971517819053,uncalibrated
case_0034,cellbag10,37.0,17.0,4.0,5.0,50.0,5.0,5.03859430356381,0.025192971517819053,uncalibrated
case_0035,cellbag10,37.0,17.0,4.0,5.0,50.0,10.0,5.03859430356381,0.025192971517819053,uncalibrated
case_0036,cellbag10,37.0,17.0,4.0,5.0,50.0,20.0,5.03859430356381,0.025192971517819053,uncalibrated
case_0037,cellbag10,37.0,17.0,4.0,5.0,100.0,2.0,5.03859430356381,0.025192971517819053,uncalibrated
case_0038,cellbag10,37.0,17.0,4.0,5.0,100.0,5.0,5.03859430356381,0.025192971517819053,uncalibrated
case_0039,cellbag10,37.0,17.0,4.0,5.0,100.0,10.0,5.03859430356381,0.025192971517819053,uncalibrated
case_0040,cellbag10,37.0,17.0,4.0,5.0,100.0,20.0,5.03859430356381,0.025192971517819053,uncalibrated
case_0041,cellbag10,37.0,17.0,4.0,5.0,300.0,2.0,5.03859430356381,0.025192971517819053,uncalibrated
case_0042,cellbag10,37.0,17.0,4.0,5.0,300.0,5.0,5.03859430356381,0.025192971517819053,uncalibrated
case_0043,cellbag10,37.0,17.0,4.0,5.0,300.0,10.0,5.03859430356381,0.025192971517819053,uncalibrated
case_0044,cellbag10,37.0,17.0,4.0,5.0,300.0,20.0,5.03859430356381,0.025192971517819053,uncalibrated
case_0045,cellbag10,37.0,17.0,4.0,5.0,1000.0,2.0,5.03859430356381,0.025192971517819053,uncalibrated
case_0046,cellbag10,37.0,17.0,4.0,5.0,1000.0,5.0,5.03859430356381,0.025192971517819053,uncalibrated
case_0047,cellbag10,37.0,17.0,4.0,5.0,1000.0,10.0,5.03859430356381,0.025192971517819053,uncalibrated
case_0048,cellbag10,37.0,17.0,4.0,5.0,1000.0,20.0,5.03859430356381,0.025192971517819053,uncalibrated
case_0049,cellbag10,37.0,17.0,6.0,3.0,50.0,2.0,18.971912675395576,0.05691573802618673,uncalibrated
case_0050,cellbag10,37.0,17.0,6.0,3.0,50.0,5.0,18.971912675395576,0.05691573802618673,uncalibrated
case_0051,cellbag10,37.0,17.0,6.0,3.0,50.0,10.0,18.971912675395576,0.05691573802618673,uncalibrated
case_0052,cellbag10,37.0,17.0,6.0,3.0,50.0,20.0,18.971912675395576,0.05691573802618673,uncalibrated
case_0053,cellbag10,37.0,17.0,6.0,3.0,100.0,2.0,18.971912675395576,0.05691573802618673,uncalibrated
case_0054,cellbag10,37.0,17.0,6.0,3.0,100.0,5.0,18.971912675395576,0.05691573802618673,uncalibrated
case_0055,cellbag10,37.0,17.0,6.0,3.0,100.0,10.0,18.971912675395576,0.05691573802618673,uncalibrated
case_0056,cellbag10,37.0,17.0,6.0,3.0,100.0,20.0,18.971912675395576,0.05691573802618673,uncalibrated
case_0057,cellbag10,37.0,17.0,6.0,3.0,300.0,2.0,18.971912675395576,0.05691573802618673,uncalibrated
case_0058,cellbag10,37.0,17.0,6.0,3.0,300.0,5.0,18.971912675395576,0.05691573802618673,uncalibrated
case_0059,cellbag10,37.0,17.0,6.0,3.0,300.0,10.0,18.971912675395576,0.05691573802618673,uncalibrated
case_0060,cellbag10,37.0,17.0,6.0,3.0,300.0,20.0,18.971912675395576,0.05691573802618673,uncalibrated
case_0061,cellbag10,37.0,17.0,6.0,3.0,1000.0,2.0,18.971912675395576,0.05691573802618673,uncalibrated
case_0062,cellbag10,37.0,17.0,6.0,3.0,1000.0,5.0,18.971912675395576,0.05691573802618673,uncalibrated
case_0063,cellbag10,37.0,17.0,6.0,3.0,1000.0,10.0,18.971912675395576,0.05691573802618673,uncalibrated
case_0064,cellbag10,37.0,17.0,6.0,3.0,1000.0,20.0,18.971912675395576,0.05691573802618673,uncalibrated
case_0065,cellbag10,37.0,17.0,6.0,4.0,50.0,2.0,14.228934506546683,0.056915738026186734,uncalibrated
case_0066,cellbag10,37.0,17.0,6.0,4.0,50.0,5.0,14.228934506546683,0.056915738026186734,uncalibrated
case_0067,cellbag10,37.0,17.0,6.0,4.0,50.0,10.0,14.228934506546683,0.056915738026186734,uncalibrated
case_0068,cellbag10,37.0,17.0,6.0,4.0,50.0,20.0,14.228934506546683,0.056915738026186734,uncalibrated
case_0069,cellbag10,37.0,17.0,6.0,4.0,100.0,2.0,14.228934506546683,0.056915738026186734,uncalibrated
case_0070,cellbag10,37.0,17.0,6.0,4.0,100.0,5.0,14.228934506546683,0.056915738026186734,uncalibrated
case_0071,cellbag10,37.0,17.0,6.0,4.0,100.0,10.0,14.228934506546683,0.056915738026186734,uncalibrated
case_0072,cellbag10,37.0,17.0,6.0,4.0,100.0,20.0,14.228934506546683,0.056915738026186734,uncalibrated
case_0073,cellbag10,37.0,17.0,6.0,4.0,300.0,2.0,14.228934506546683,0.056915738026186734,uncalibrated
case_0074,cellbag10,37.0,17.0,6.0,4.0,300.0,5.0,14.228934506546683,0.056915738026186734,uncalibrated
case_0075,cellbag10,37.0,17.0,6.0,4.0,300.0,10.0,14.228934506546683,0.056915738026186734,uncalibrated
case_0076,cellbag10,37.0,17.0,6.0,4.0,300.0,20.0,14.228934506546683,0.056915738026186734,uncalibrated
case_0077,cellbag10,37.0,17.0,6.0,4.0,1000.0,2.0,14.228934506546683,0.056915738026186734,uncalibrated
case_0078,cellbag10,37.0,17.0,6.0,4.0,1000.0,5.0,14.228934506546683,0.056915738026186734,uncalibrated
case_0079,cellbag10,37.0,17.0,6.0,4.0,1000.0,10.0,14.228934506546683,0.056915738026186734,uncalibrated
case_0080,cellbag10,37.0,17.0,6.0,4.0,1000.0,20.0,14.228934506546683,0.056915738026186734,uncalibrated
case_0081,cellbag10,37.0,17.0,6.0,5.0,50.0,2.0,11.383147605237346,0.05691573802618673,uncalibrated
case_0082,cellbag10,37.0,17.0,6.0,5.0,50.0,5.0,11.383147605237346,0.05691573802618673,uncalibrated
case_0083,cellbag10,37.0,17.0,6.0,5.0,50.0,10.0,11.383147605237346,0.05691573802618673,uncalibrated
case_0084,cellbag10,37.0,17.0,6.0,5.0,50.0,20.0,11.383147605237346,0.05691573802618673,uncalibrated
case_0085,cellbag10,37.0,17.0,6.0,5.0,100.0,2.0,11.383147605237346,0.05691573802618673,uncalibrated
case_0086,cellbag10,37.0,17.0,6.0,5.0,100.0,5.0,11.383147605237346,0.05691573802618673,uncalibrated
case_0087,cellbag10,37.0,17.0,6.0,5.0,100.0,10.0,11.383147605237346,0.05691573802618673,uncalibrated
case_0088,cellbag10,37.0,17.0,6.0,5.0,100.0,20.0,11.383147605237346,0.05691573802618673,uncalibrated
case_0089,cellbag10,37.0,17.0,6.0,5.0,300.0,2.0,11.383147605237346,0.05691573802618673,uncalibrated
case_0090,cellbag10,37.0,17.0,6.0,5.0,300.0,5.0,11.383147605237346,0.05691573802618673,uncalibrated
case_0091,cellbag10,37.0,17.0,6.0,5.0,300.0,10.0,11.383147605237346,0.05691573802618673,uncalibrated
case_0092,cellbag10,37.0,17.0,6.0,5.0,300.0,20.0,11.383147605237346,0.05691573802618673,uncalibrated
case_0093,cellbag10,37.0,17.0,6.0,5.0,1000.0,2.0,11.383147605237346,0.05691573802618673,uncalibrated
case_0094,cellbag10,37.0,17.0,6.0,5.0,1000.0,5.0,11.383147605237346,0.05691573802618673,uncalibrated
case_0095,cellbag10,37.0,17.0,6.0,5.0,1000.0,10.0,11.383147605237346,0.05691573802618673,uncalibrated
case_0096,cellbag10,37.0,17.0,6.0,5.0,1000.0,20.0,11.383147605237346,0.05691573802618673,uncalibrated
case_0097,cellbag10,37.0,17.0,7.0,3.0,50.0,2.0,25.863428845801746,0.07759028653740524,uncalibrated
case_0098,cellbag10,37.0,17.0,7.0,3.0,50.0,5.0,25.863428845801746,0.07759028653740524,uncalibrated
case_0099,cellbag10,37.0,17.0,7.0,3.0,50.0,10.0,25.863428845801746,0.07759028653740524,uncalibrated
case_0100,cellbag10,37.0,17.0,7.0,3.0,50.0,20.0,25.863428845801746,0.07759028653740524,uncalibrated
case_0101,cellbag10,37.0,17.0,7.0,3.0,100.0,2.0,25.863428845801746,0.07759028653740524,uncalibrated
case_0102,cellbag10,37.0,17.0,7.0,3.0,100.0,5.0,25.863428845801746,0.07759028653740524,uncalibrated
case_0103,cellbag10,37.0,17.0,7.0,3.0,100.0,10.0,25.863428845801746,0.07759028653740524,uncalibrated
case_0104,cellbag10,37.0,17.0,7.0,3.0,100.0,20.0,25.863428845801746,0.07759028653740524,uncalibrated
case_0105,cellbag10,37.0,17.0,7.0,3.0,300.0,2.0,25.863428845801746,0.07759028653740524,uncalibrated
case_0106,cellbag10,37.0,17.0,7.0,3.0,300.0,5.0,25.863428845801746,0.07759028653740524,uncalibrated
case_0107,cellbag10,37.0,17.0,7.0,3.0,300.0,10.0,25.863428845801746,0.07759028653740524,uncalibrated
case_0108,cellbag10,37.0,17.0,7.0,3.0,300.0,20.0,25.863428845801746,0.07759028653740524,uncalibrated
case_0109,cellbag10,37.0,17.0,7.0,3.0,1000.0,2.0,25.863428845801746,0.07759028653740524,uncalibrated
case_0110,cellbag10,37.0,17.0,7.0,3.0,1000.0,5.0,25.863428845801746,0.07759028653740524,uncalibrated
case_0111,cellbag10,37.0,17.0,7.0,3.0,1000.0,10.0,25.863428845801746,0.07759028653740524,uncalibrated
case_0112,cellbag10,37.0,17.0,7.0,3.0,1000.0,20.0,25.863428845801746,0.07759028653740524,uncalibrated
case_0113,cellbag10,37.0,17.0,7.0,4.0,50.0,2.0,19.41866948987205,0.07767467795948821,uncalibrated
case_0114,cellbag10,37.0,17.0,7.0,4.0,50.0,5.0,19.41866948987205,0.07767467795948821,uncalibrated
case_0115,cellbag10,37.0,17.0,7.0,4.0,50.0,10.0,19.41866948987205,0.07767467795948821,uncalibrated
case_0116,cellbag10,37.0,17.0,7.0,4.0,50.0,20.0,19.41866948987205,0.07767467795948821,uncalibrated
case_0117,cellbag10,37.0,17.0,7.0,4.0,100.0,2.0,19.41866948987205,0.07767467795948821,uncalibrated
case_0118,cellbag10,37.0,17.0,7.0,4.0,100.0,5.0,19.41866948987205,0.07767467795948821,uncalibrated
case_0119,cellbag10,37.0,17.0,7.0,4.0,100.0,10.0,19.41866948987205,0.07767467795948821,uncalibrated
case_0120,cellbag10,37.0,17.0,7.0,4.0,100.0,20.0,19.41866948987205,0.07767467795948821,uncalibrated
case_0121,cellbag10,37.0,17.0,7.0,4.0,300.0,2.0,19.41866948987205,0.07767467795948821,uncalibrated
case_0122,cellbag10,37.0,17.0,7.0,4.0,300.0,5.0,19.41866948987205,0.07767467795948821,uncalibrated
case_0123,cellbag10,37.0,17.0,7.0,4.0,300.0,10.0,19.41866948987205,0.07767467795948821,uncalibrated
case_0124,cellbag10,37.0,17.0,7.0,4.0,300.0,20.0,19.41866948987205,0.07767467795948821,uncalibrated
case_0125,cellbag10,37.0,17.0,7.0,4.0,1000.0,2.0,19.41866948987205,0.07767467795948821,uncalibrated
case_0126,cellbag10,37.0,17.0,7.0,4.0,1000.0,5.0,19.41866948987205,0.07767467795948821,uncalibrated
case_0127,cellbag10,37.0,17.0,7.0,4.0,1000.0,10.0,19.41866948987205,0.07767467795948821,uncalibrated
case_0128,cellbag10,37.0,17.0,7.0,4.0,1000.0,20.0,19.41866948987205,0.07767467795948821,uncalibrated
case_0129,cellbag10,37.0,17.0,7.0,5.0,50.0,2.0,15.53493559189764,0.0776746779594882,uncalibrated
case_0130,cellbag10,37.0,17.0,7.0,5.0,50.0,5.0,15.53493559189764,0.0776746779594882,uncalibrated
case_0131,cellbag10,37.0,17.0,7.0,5.0,50.0,10.0,15.53493559189764,0.0776746779594882,uncalibrated
case_0132,cellbag10,37.0,17.0,7.0,5.0,50.0,20.0,15.53493559189764,0.0776746779594882,uncalibrated
case_0133,cellbag10,37.0,17.0,7.0,5.0,100.0,2.0,15.53493559189764,0.0776746779594882,uncalibrated
case_0134,cellbag10,37.0,17.0,7.0,5.0,100.0,5.0,15.53493559189764,0.0776746779594882,uncalibrated
case_0135,cellbag10,37.0,17.0,7.0,5.0,100.0,10.0,15.53493559189764,0.0776746779594882,uncalibrated
case_0136,cellbag10,37.0,17.0,7.0,5.0,100.0,20.0,15.53493559189764,0.0776746779594882,uncalibrated
case_0137,cellbag10,37.0,17.0,7.0,5.0,300.0,2.0,15.53493559189764,0.0776746779594882,uncalibrated
case_0138,cellbag10,37.0,17.0,7.0,5.0,300.0,5.0,15.53493559189764,0.0776746779594882,uncalibrated
case_0139,cellbag10,37.0,17.0,7.0,5.0,300.0,10.0,15.53493559189764,0.0776746779594882,uncalibrated
case_0140,cellbag10,37.0,17.0,7.0,5.0,300.0,20.0,15.53493559189764,0.0776746779594882,uncalibrated
case_0141,cellbag10,37.0,17.0,7.0,5.0,1000.0,2.0,15.53493559189764,0.0776746779594882,uncalibrated
case_0142,cellbag10,37.0,17.0,7.0,5.0,1000.0,5.0,15.53493559189764,0.0776746779594882,uncalibrated
case_0143,cellbag10,37.0,17.0,7.0,5.0,1000.0,10.0,15.53493559189764,0.0776746779594882,uncalibrated
case_0144,cellbag10,37.0,17.0,7.0,5.0,1000.0,20.0,15.53493559189764,0.0776746779594882,uncalibrated
case_0145,cellbag10,37.0,17.0,8.0,3.0,50.0,2.0,33.67085121024251,0.10101255363072753,uncalibrated
case_0146,cellbag10,37.0,17.0,8.0,3.0,50.0,5.0,33.67085121024251,0.10101255363072753,uncalibrated
case_0147,cellbag10,37.0,17.0,8.0,3.0,50.0,10.0,33.67085121024251,0.10101255363072753,uncalibrated
case_0148,cellbag10,37.0,17.0,8.0,3.0,50.0,20.0,33.67085121024251,0.10101255363072753,uncalibrated
case_0149,cellbag10,37.0,17.0,8.0,3.0,100.0,2.0,33.67085121024251,0.10101255363072753,uncalibrated
case_0150,cellbag10,37.0,17.0,8.0,3.0,100.0,5.0,33.67085121024251,0.10101255363072753,uncalibrated
case_0151,cellbag10,37.0,17.0,8.0,3.0,100.0,10.0,33.67085121024251,0.10101255363072753,uncalibrated
case_0152,cellbag10,37.0,17.0,8.0,3.0,100.0,20.0,33.67085121024251,0.10101255363072753,uncalibrated
case_0153,cellbag10,37.0,17.0,8.0,3.0,300.0,2.0,33.67085121024251,0.10101255363072753,uncalibrated
case_0154,cellbag10,37.0,17.0,8.0,3.0,300.0,5.0,33.67085121024251,0.10101255363072753,uncalibrated
case_0155,cellbag10,37.0,17.0,8.0,3.0,300.0,10.0,33.67085121024251,0.10101255363072753,uncalibrated
case_0156,cellbag10,37.0,17.0,8.0,3.0,300.0,20.0,33.67085121024251,0.10101255363072753,uncalibrated
case_0157,cellbag10,37.0,17.0,8.0,3.0,1000.0,2.0,33.67085121024251,0.10101255363072753,uncalibrated
case_0158,cellbag10,37.0,17.0,8.0,3.0,1000.0,5.0,33.67085121024251,0.10101255363072753,uncalibrated
case_0159,cellbag10,37.0,17.0,8.0,3.0,1000.0,10.0,33.67085121024251,0.10101255363072753,uncalibrated
case_0160,cellbag10,37.0,17.0,8.0,3.0,1000.0,20.0,33.67085121024251,0.10101255363072753,uncalibrated
case_0161,cellbag10,37.0,17.0,8.0,4.0,50.0,2.0,25.441165564109266,0.10176466225643707,uncalibrated
case_0162,cellbag10,37.0,17.0,8.0,4.0,50.0,5.0,25.441165564109266,0.10176466225643707,uncalibrated
case_0163,cellbag10,37.0,17.0,8.0,4.0,50.0,10.0,25.441165564109266,0.10176466225643707,uncalibrated
case_0164,cellbag10,37.0,17.0,8.0,4.0,50.0,20.0,25.441165564109266,0.10176466225643707,uncalibrated
case_0165,cellbag10,37.0,17.0,8.0,4.0,100.0,2.0,25.441165564109266,0.10176466225643707,uncalibrated
case_0166,cellbag10,37.0,17.0,8.0,4.0,100.0,5.0,25.441165564109266,0.10176466225643707,uncalibrated
case_0167,cellbag10,37.0,17.0,8.0,4.0,100.0,10.0,25.441165564109266,0.10176466225643707,uncalibrated
case_0168,cellbag10,37.0,17.0,8.0,4.0,100.0,20.0,25.441165564109266,0.10176466225643707,uncalibrated
case_0169,cellbag10,37.0,17.0,8.0,4.0,300.0,2.0,25.441165564109266,0.10176466225643707,uncalibrated
case_0170,cellbag10,37.0,17.0,8.0,4.0,300.0,5.0,25.441165564109266,0.10176466225643707,uncalibrated
case_0171,cellbag10,37.0,17.0,8.0,4.0,300.0,10.0,25.441165564109266,0.10176466225643707,uncalibrated
case_0172,cellbag10,37.0,17.0,8.0,4.0,300.0,20.0,25.441165564109266,0.10176466225643707,uncalibrated
case_0173,cellbag10,37.0,17.0,8.0,4.0,1000.0,2.0,25.441165564109266,0.10176466225643707,uncalibrated
case_0174,cellbag10,37.0,17.0,8.0,4.0,1000.0,5.0,25.441165564109266,0.10176466225643707,uncalibrated
case_0175,cellbag10,37.0,17.0,8.0,4.0,1000.0,10.0,25.441165564109266,0.10176466225643707,uncalibrated
case_0176,cellbag10,37.0,17.0,8.0,4.0,1000.0,20.0,25.441165564109266,0.10176466225643707,uncalibrated
case_0177,cellbag10,37.0,17.0,8.0,5.0,50.0,2.0,20.352932451287412,0.10176466225643706,uncalibrated
case_0178,cellbag10,37.0,17.0,8.0,5.0,50.0,5.0,20.352932451287412,0.10176466225643706,uncalibrated
case_0179,cellbag10,37.0,17.0,8.0,5.0,50.0,10.0,20.352932451287412,0.10176466225643706,uncalibrated
case_0180,cellbag10,37.0,17.0,8.0,5.0,50.0,20.0,20.352932451287412,0.10176466225643706,uncalibrated
case_0181,cellbag10,37.0,17.0,8.0,5.0,100.0,2.0,20.352932451287412,0.10176466225643706,uncalibrated
case_0182,cellbag10,37.0,17.0,8.0,5.0,100.0,5.0,20.352932451287412,0.10176466225643706,uncalibrated
case_0183,cellbag10,37.0,17.0,8.0,5.0,100.0,10.0,20.352932451287412,0.10176466225643706,uncalibrated
case_0184,cellbag10,37.0,17.0,8.0,5.0,100.0,20.0,20.352932451287412,0.10176466225643706,uncalibrated
case_0185,cellbag10,37.0,17.0,8.0,5.0,300.0,2.0,20.352932451287412,0.10176466225643706,uncalibrated
case_0186,cellbag10,37.0,17.0,8.0,5.0,300.0,5.0,20.352932451287412,0.10176466225643706,uncalibrated
case_0187,cellbag10,37.0,17.0,8.0,5.0,300.0,10.0,20.352932451287412,0.10176466225643706,uncalibrated
case_0188,cellbag10,37.0,17.0,8.0,5.0,300.0,20.0,20.352932451287412,0.10176466225643706,uncalibrated
case_0189,cellbag10,37.0,17.0,8.0,5.0,1000.0,2.0,20.352932451287412,0.10176466225643706,uncalibrated
case_0190,cellbag10,37.0,17.0,8.0,5.0,1000.0,5.0,20.352932451287412,0.10176466225643706,uncalibrated
case_0191,cellbag10,37.0,17.0,8.0,5.0,1000.0,10.0,20.352932451287412,0.10176466225643706,uncalibrated
case_0192,cellbag10,37.0,17.0,8.0,5.0,1000.0,20.0,20.352932451287412,0.10176466225643706,uncalibrated
case_0193,cellbag10,37.0,17.0,10.0,3.0,50.0,2.0,51.48509616383479,0.15445528849150436,uncalibrated
case_0194,cellbag10,37.0,17.0,10.0,3.0,50.0,5.0,51.48509616383479,0.15445528849150436,uncalibrated
case_0195,cellbag10,37.0,17.0,10.0,3.0,50.0,10.0,51.48509616383479,0.15445528849150436,uncalibrated
case_0196,cellbag10,37.0,17.0,10.0,3.0,50.0,20.0,51.48509616383479,0.15445528849150436,uncalibrated
case_0197,cellbag10,37.0,17.0,10.0,3.0,100.0,2.0,51.48509616383479,0.15445528849150436,uncalibrated
case_0198,cellbag10,37.0,17.0,10.0,3.0,100.0,5.0,51.48509616383479,0.15445528849150436,uncalibrated
case_0199,cellbag10,37.0,17.0,10.0,3.0,100.0,10.0,51.48509616383479,0.15445528849150436,uncalibrated
case_0200,cellbag10,37.0,17.0,10.0,3.0,100.0,20.0,51.48509616383479,0.15445528849150436,uncalibrated
case_0201,cellbag10,37.0,17.0,10.0,3.0,300.0,2.0,51.48509616383479,0.15445528849150436,uncalibrated
case_0202,cellbag10,37.0,17.0,10.0,3.0,300.0,5.0,51.48509616383479,0.15445528849150436,uncalibrated
case_0203,cellbag10,37.0,17.0,10.0,3.0,300.0,10.0,51.48509616383479,0.15445528849150436,uncalibrated
case_0204,cellbag10,37.0,17.0,10.0,3.0,300.0,20.0,51.48509616383479,0.15445528849150436,uncalibrated
case_0205,cellbag10,37.0,17.0,10.0,3.0,1000.0,2.0,51.48509616383479,0.15445528849150436,uncalibrated
case_0206,cellbag10,37.0,17.0,10.0,3.0,1000.0,5.0,51.48509616383479,0.15445528849150436,uncalibrated
case_0207,cellbag10,37.0,17.0,10.0,3.0,1000.0,10.0,51.48509616383479,0.15445528849150436,uncalibrated
case_0208,cellbag10,37.0,17.0,10.0,3.0,1000.0,20.0,51.48509616383479,0.15445528849150436,uncalibrated
case_0209,cellbag10,37.0,17.0,10.0,4.0,50.0,2.0,39.89921984206443,0.15959687936825773,uncalibrated
case_0210,cellbag10,37.0,17.0,10.0,4.0,50.0,5.0,39.89921984206443,0.15959687936825773,uncalibrated
case_0211,cellbag10,37.0,17.0,10.0,4.0,50.0,10.0,39.89921984206443,0.15959687936825773,uncalibrated
case_0212,cellbag10,37.0,17.0,10.0,4.0,50.0,20.0,39.89921984206443,0.15959687936825773,uncalibrated
case_0213,cellbag10,37.0,17.0,10.0,4.0,100.0,2.0,39.89921984206443,0.15959687936825773,uncalibrated
case_0214,cellbag10,37.0,17.0,10.0,4.0,100.0,5.0,39.89921984206443,0.15959687936825773,uncalibrated
case_0215,cellbag10,37.0,17.0,10.0,4.0,100.0,10.0,39.89921984206443,0.15959687936825773,uncalibrated
case_0216,cellbag10,37.0,17.0,10.0,4.0,100.0,20.0,39.89921984206443,0.15959687936825773,uncalibrated
case_0217,cellbag10,37.0,17.0,10.0,4.0,300.0,2.0,39.89921984206443,0.15959687936825773,uncalibrated
case_0218,cellbag10,37.0,17.0,10.0,4.0,300.0,5.0,39.89921984206443,0.15959687936825773,uncalibrated
case_0219,cellbag10,37.0,17.0,10.0,4.0,300.0,10.0,39.89921984206443,0.15959687936825773,uncalibrated
case_0220,cellbag10,37.0,17.0,10.0,4.0,300.0,20.0,39.89921984206443,0.15959687936825773,uncalibrated
case_0221,cellbag10,37.0,17.0,10.0,4.0,1000.0,2.0,39.89921984206443,0.15959687936825773,uncalibrated
case_0222,cellbag10,37.0,17.0,10.0,4.0,1000.0,5.0,39.89921984206443,0.15959687936825773,uncalibrated
case_0223,cellbag10,37.0,17.0,10.0,4.0,1000.0,10.0,39.89921984206443,0.15959687936825773,uncalibrated
case_0224,cellbag10,37.0,17.0,10.0,4.0,1000.0,20.0,39.89921984206443,0.15959687936825773,uncalibrated
case_0225,cellbag10,37.0,17.0,10.0,5.0,50.0,2.0,32.03756321799891,0.16018781608999455,uncalibrated
case_0226,cellbag10,37.0,17.0,10.0,5.0,50.0,5.0,32.03756321799891,0.16018781608999455,uncalibrated
case_0227,cellbag10,37.0,17.0,10.0,5.0,50.0,10.0,32.03756321799891,0.16018781608999455,uncalibrated
case_0228,cellbag10,37.0,17.0,10.0,5.0,50.0,20.0,32.03756321799891,0.16018781608999455,uncalibrated
case_0229,cellbag10,37.0,17.0,10.0,5.0,100.0,2.0,32.03756321799891,0.16018781608999455,uncalibrated
case_0230,cellbag10,37.0,17.0,10.0,5.0,100.0,5.0,32.03756321799891,0.16018781608999455,uncalibrated
case_0231,cellbag10,37.0,17.0,10.0,5.0,100.0,10.0,32.03756321799891,0.16018781608999455,uncalibrated
case_0232,cellbag10,37.0,17.0,10.0,5.0,100.0,20.0,32.03756321799891,0.16018781608999455,uncalibrated
case_0233,cellbag10,37.0,17.0,10.0,5.0,300.0,2.0,32.03756321799891,0.16018781608999455,uncalibrated
case_0234,cellbag10,37.0,17.0,10.0,5.0,300.0,5.0,32.03756321799891,0.16018781608999455,uncalibrated
case_0235,cellbag10,37.0,17.0,10.0,5.0,300.0,10.0,32.03756321799891,0.16018781608999455,uncalibrated
case_0236,cellbag10,37.0,17.0,10.0,5.0,300.0,20.0,32.03756321799891,0.16018781608999455,uncalibrated
case_0237,cellbag10,37.0,17.0,10.0,5.0,1000.0,2.0,32.03756321799891,0.16018781608999455,uncalibrated
case_0238,cellbag10,37.0,17.0,10.0,5.0,1000.0,5.0,32.03756321799891,0.16018781608999455,uncalibrated
case_0239,cellbag10,37.0,17.0,10.0,5.0,1000.0,10.0,32.03756321799891,0.16018781608999455,uncalibrated
case_0240,cellbag10,37.0,17.0,10.0,5.0,1000.0,20.0,32.03756321799891,0.16018781608999455,uncalibrated
case_0241,cellbag10,37.0,20.0,4.0,3.0,50.0,2.0,9.87959667365453,0.029638790020963594,uncalibrated
case_0242,cellbag10,37.0,20.0,4.0,3.0,50.0,5.0,9.87959667365453,0.029638790020963594,uncalibrated
case_0243,cellbag10,37.0,20.0,4.0,3.0,50.0,10.0,9.87959667365453,0.029638790020963594,uncalibrated
case_0244,cellbag10,37.0,20.0,4.0,3.0,50.0,20.0,9.87959667365453,0.029638790020963594,uncalibrated
case_0245,cellbag10,37.0,20.0,4.0,3.0,100.0,2.0,9.87959667365453,0.029638790020963594,uncalibrated
case_0246,cellbag10,37.0,20.0,4.0,3.0,100.0,5.0,9.87959667365453,0.029638790020963594,uncalibrated
case_0247,cellbag10,37.0,20.0,4.0,3.0,100.0,10.0,9.87959667365453,0.029638790020963594,uncalibrated
case_0248,cellbag10,37.0,20.0,4.0,3.0,100.0,20.0,9.87959667365453,0.029638790020963594,uncalibrated
case_0249,cellbag10,37.0,20.0,4.0,3.0,300.0,2.0,9.87959667365453,0.029638790020963594,uncalibrated
case_0250,cellbag10,37.0,20.0,4.0,3.0,300.0,5.0,9.87959667365453,0.029638790020963594,uncalibrated
case_0251,cellbag10,37.0,20.0,4.0,3.0,300.0,10.0,9.87959667365453,0.029638790020963594,uncalibrated
case_0252,cellbag10,37.0,20.0,4.0,3.0,300.0,20.0,9.87959667365453,0.029638790020963594,uncalibrated
case_0253,cellbag10,37.0,20.0,4.0,3.0,1000.0,2.0,9.87959667365453,0.029638790020963594,uncalibrated
case_0254,cellbag10,37.0,20.0,4.0,3.0,1000.0,5.0,9.87959667365453,0.029638790020963594,uncalibrated
case_0255,cellbag10,37.0,20.0,4.0,3.0,1000.0,10.0,9.87959667365453,0.029638790020963594,uncalibrated
case_0256,cellbag10,37.0,20.0,4.0,3.0,1000.0,20.0,9.87959667365453,0.029638790020963594,uncalibrated
case_0257,cellbag10,37.0,20.0,4.0,4.0,50.0,2.0,7.409697505240899,0.029638790020963597,uncalibrated
case_0258,cellbag10,37.0,20.0,4.0,4.0,50.0,5.0,7.409697505240899,0.029638790020963597,uncalibrated
case_0259,cellbag10,37.0,20.0,4.0,4.0,50.0,10.0,7.409697505240899,0.029638790020963597,uncalibrated
case_0260,cellbag10,37.0,20.0,4.0,4.0,50.0,20.0,7.409697505240899,0.029638790020963597,uncalibrated
case_0261,cellbag10,37.0,20.0,4.0,4.0,100.0,2.0,7.409697505240899,0.029638790020963597,uncalibrated
case_0262,cellbag10,37.0,20.0,4.0,4.0,100.0,5.0,7.409697505240899,0.029638790020963597,uncalibrated
case_0263,cellbag10,37.0,20.0,4.0,4.0,100.0,10.0,7.409697505240899,0.029638790020963597,uncalibrated
case_0264,cellbag10,37.0,20.0,4.0,4.0,100.0,20.0,7.409697505240899,0.029638790020963597,uncalibrated
case_0265,cellbag10,37.0,20.0,4.0,4.0,300.0,2.0,7.409697505240899,0.029638790020963597,uncalibrated
case_0266,cellbag10,37.0,20.0,4.0,4.0,300.0,5.0,7.409697505240899,0.029638790020963597,uncalibrated
case_0267,cellbag10,37.0,20.0,4.0,4.0,300.0,10.0,7.409697505240899,0.029638790020963597,uncalibrated
case_0268,cellbag10,37.0,20.0,4.0,4.0,300.0,20.0,7.409697505240899,0.029638790020963597,uncalibrated
case_0269,cellbag10,37.0,20.0,4.0,4.0,1000.0,2.0,7.409697505240899,0.029638790020963597,uncalibrated
case_0270,cellbag10,37.0,20.0,4.0,4.0,1000.0,5.0,7.409697505240899,0.029638790020963597,uncalibrated
case_0271,cellbag10,37.0,20.0,4.0,4.0,1000.0,10.0,7.409697505240899,0.029638790020963597,uncalibrated
case_0272,cellbag10,37.0,20.0,4.0,4.0,1000.0,20.0,7.409697505240899,0.029638790020963597,uncalibrated
case_0273,cellbag10,37.0,20.0,4.0,5.0,50.0,2.0,5.927758004192719,0.029638790020963594,uncalibrated
case_0274,cellbag10,37.0,20.0,4.0,5.0,50.0,5.0,5.927758004192719,0.029638790020963594,uncalibrated
case_0275,cellbag10,37.0,20.0,4.0,5.0,50.0,10.0,5.927758004192719,0.029638790020963594,uncalibrated
case_0276,cellbag10,37.0,20.0,4.0,5.0,50.0,20.0,5.927758004192719,0.029638790020963594,uncalibrated
case_0277,cellbag10,37.0,20.0,4.0,5.0,100.0,2.0,5.927758004192719,0.029638790020963594,uncalibrated
case_0278,cellbag10,37.0,20.0,4.0,5.0,100.0,5.0,5.927758004192719,0.029638790020963594,uncalibrated
case_0279,cellbag10,37.0,20.0,4.0,5.0,100.0,10.0,5.927758004192719,0.029638790020963594,uncalibrated
case_0280,cellbag10,37.0,20.0,4.0,5.0,100.0,20.0,5.927758004192719,0.029638790020963594,uncalibrated
case_0281,cellbag10,37.0,20.0,4.0,5.0,300.0,2.0,5.927758004192719,0.029638790020963594,uncalibrated
case_0282,cellbag10,37.0,20.0,4.0,5.0,300.0,5.0,5.927758004192719,0.029638790020963594,uncalibrated
case_0283,cellbag10,37.0,20.0,4.0,5.0,300.0,10.0,5.927758004192719,0.029638790020963594,uncalibrated
case_0284,cellbag10,37.0,20.0,4.0,5.0,300.0,20.0,5.927758004192719,0.029638790020963594,uncalibrated
case_0285,cellbag10,37.0,20.0,4.0,5.0,1000.0,2.0,5.927758004192719,0.029638790020963594,uncalibrated
case_0286,cellbag10,37.0,20.0,4.0,5.0,1000.0,5.0,5.927758004192719,0.029638790020963594,uncalibrated
case_0287,cellbag10,37.0,20.0,4.0,5.0,1000.0,10.0,5.927758004192719,0.029638790020963594,uncalibrated
case_0288,cellbag10,37.0,20.0,4.0,5.0,1000.0,20.0,5.927758004192719,0.029638790020963594,uncalibrated
case_0289,cellbag10,37.0,20.0,6.0,3.0,50.0,2.0,22.319897265171267,0.06695969179551381,uncalibrated
case_0290,cellbag10,37.0,20.0,6.0,3.0,50.0,5.0,22.319897265171267,0.06695969179551381,uncalibrated
case_0291,cellbag10,37.0,20.0,6.0,3.0,50.0,10.0,22.319897265171267,0.06695969179551381,uncalibrated
case_0292,cellbag10,37.0,20.0,6.0,3.0,50.0,20.0,22.319897265171267,0.06695969179551381,uncalibrated
case_0293,cellbag10,37.0,20.0,6.0,3.0,100.0,2.0,22.319897265171267,0.06695969179551381,uncalibrated
case_0294,cellbag10,37.0,20.0,6.0,3.0,100.0,5.0,22.319897265171267,0.06695969179551381,uncalibrated
case_0295,cellbag10,37.0,20.0,6.0,3.0,100.0,10.0,22.319897265171267,0.06695969179551381,uncalibrated
case_0296,cellbag10,37.0,20.0,6.0,3.0,100.0,20.0,22.319897265171267,0.06695969179551381,uncalibrated
case_0297,cellbag10,37.0,20.0,6.0,3.0,300.0,2.0,22.319897265171267,0.06695969179551381,uncalibrated
case_0298,cellbag10,37.0,20.0,6.0,3.0,300.0,5.0,22.319897265171267,0.06695969179551381,uncalibrated
case_0299,cellbag10,37.0,20.0,6.0,3.0,300.0,10.0,22.319897265171267,0.06695969179551381,uncalibrated
case_0300,cellbag10,37.0,20.0,6.0,3.0,300.0,20.0,22.319897265171267,0.06695969179551381,uncalibrated
case_0301,cellbag10,37.0,20.0,6.0,3.0,1000.0,2.0,22.319897265171267,0.06695969179551381,uncalibrated
case_0302,cellbag10,37.0,20.0,6.0,3.0,1000.0,5.0,22.319897265171267,0.06695969179551381,uncalibrated
case_0303,cellbag10,37.0,20.0,6.0,3.0,1000.0,10.0,22.319897265171267,0.06695969179551381,uncalibrated
case_0304,cellbag10,37.0,20.0,6.0,3.0,1000.0,20.0,22.319897265171267,0.06695969179551381,uncalibrated
case_0305,cellbag10,37.0,20.0,6.0,4.0,50.0,2.0,16.73992294887845,0.06695969179551381,uncalibrated
case_0306,cellbag10,37.0,20.0,6.0,4.0,50.0,5.0,16.73992294887845,0.06695969179551381,uncalibrated
case_0307,cellbag10,37.0,20.0,6.0,4.0,50.0,10.0,16.73992294887845,0.06695969179551381,uncalibrated
case_0308,cellbag10,37.0,20.0,6.0,4.0,50.0,20.0,16.73992294887845,0.06695969179551381,uncalibrated
case_0309,cellbag10,37.0,20.0,6.0,4.0,100.0,2.0,16.73992294887845,0.06695969179551381,uncalibrated
case_0310,cellbag10,37.0,20.0,6.0,4.0,100.0,5.0,16.73992294887845,0.06695969179551381,uncalibrated
case_0311,cellbag10,37.0,20.0,6.0,4.0,100.0,10.0,16.73992294887845,0.06695969179551381,uncalibrated
case_0312,cellbag10,37.0,20.0,6.0,4.0,100.0,20.0,16.73992294887845,0.06695969179551381,uncalibrated
case_0313,cellbag10,37.0,20.0,6.0,4.0,300.0,2.0,16.73992294887845,0.06695969179551381,uncalibrated
case_0314,cellbag10,37.0,20.0,6.0,4.0,300.0,5.0,16.73992294887845,0.06695969179551381,uncalibrated
case_0315,cellbag10,37.0,20.0,6.0,4.0,300.0,10.0,16.73992294887845,0.06695969179551381,uncalibrated
case_0316,cellbag10,37.0,20.0,6.0,4.0,300.0,20.0,16.73992294887845,0.06695969179551381,uncalibrated
case_0317,cellbag10,37.0,20.0,6.0,4.0,1000.0,2.0,16.73992294887845,0.06695969179551381,uncalibrated
case_0318,cellbag10,37.0,20.0,6.0,4.0,1000.0,5.0,16.73992294887845,0.06695969179551381,uncalibrated
case_0319,cellbag10,37.0,20.0,6.0,4.0,1000.0,10.0,16.73992294887845,0.06695969179551381,uncalibrated
case_0320,cellbag10,37.0,20.0,6.0,4.0,1000.0,20.0,16.73992294887845,0.06695969179551381,uncalibrated
case_0321,cellbag10,37.0,20.0,6.0,5.0,50.0,2.0,13.391938359102761,0.06695969179551381,uncalibrated
case_0322,cellbag10,37.0,20.0,6.0,5.0,50.0,5.0,13.391938359102761,0.06695969179551381,uncalibrated
case_0323,cellbag10,37.0,20.0,6.0,5.0,50.0,10.0,13.391938359102761,0.06695969179551381,uncalibrated
case_0324,cellbag10,37.0,20.0,6.0,5.0,50.0,20.0,13.391938359102761,0.06695969179551381,uncalibrated
case_0325,cellbag10,37.0,20.0,6.0,5.0,100.0,2.0,13.391938359102761,0.06695969179551381,uncalibrated
case_0326,cellbag10,37.0,20.0,6.0,5.0,100.0,5.0,13.391938359102761,0.06695969179551381,uncalibrated
case_0327,cellbag10,37.0,20.0,6.0,5.0,100.0,10.0,13.391938359102761,0.06695969179551381,uncalibrated
case_0328,cellbag10,37.0,20.0,6.0,5.0,100.0,20.0,13.391938359102761,0.06695969179551381,uncalibrated
case_0329,cellbag10,37.0,20.0,6.0,5.0,300.0,2.0,13.391938359102761,0.06695969179551381,uncalibrated
case_0330,cellbag10,37.0,20.0,6.0,5.0,300.0,5.0,13.391938359102761,0.06695969179551381,uncalibrated
case_0331,cellbag10,37.0,20.0,6.0,5.0,300.0,10.0,13.391938359102761,0.06695969179551381,uncalibrated
case_0332,cellbag10,37.0,20.0,6.0,5.0,300.0,20.0,13.391938359102761,0.06695969179551381,uncalibrated
case_0333,cellbag10,37.0,20.0,6.0,5.0,1000.0,2.0,13.391938359102761,0.06695969179551381,uncalibrated
case_0334,cellbag10,37.0,20.0,6.0,5.0,1000.0,5.0,13.391938359102761,0.06695969179551381,uncalibrated
case_0335,cellbag10,37.0,20.0,6.0,5.0,1000.0,10.0,13.391938359102761,0.06695969179551381,uncalibrated
case_0336,cellbag10,37.0,20.0,6.0,5.0,1000.0,20.0,13.391938359102761,0.06695969179551381,uncalibrated
case_0337,cellbag10,37.0,20.0,7.0,3.0,50.0,2.0,30.427563348002053,0.09128269004400616,uncalibrated
case_0338,cellbag10,37.0,20.0,7.0,3.0,50.0,5.0,30.427563348002053,0.09128269004400616,uncalibrated
case_0339,cellbag10,37.0,20.0,7.0,3.0,50.0,10.0,30.427563348002053,0.09128269004400616,uncalibrated
case_0340,cellbag10,37.0,20.0,7.0,3.0,50.0,20.0,30.427563348002053,0.09128269004400616,uncalibrated
case_0341,cellbag10,37.0,20.0,7.0,3.0,100.0,2.0,30.427563348002053,0.09128269004400616,uncalibrated
case_0342,cellbag10,37.0,20.0,7.0,3.0,100.0,5.0,30.427563348002053,0.09128269004400616,uncalibrated
case_0343,cellbag10,37.0,20.0,7.0,3.0,100.0,10.0,30.427563348002053,0.09128269004400616,uncalibrated
case_0344,cellbag10,37.0,20.0,7.0,3.0,100.0,20.0,30.427563348002053,0.09128269004400616,uncalibrated
case_0345,cellbag10,37.0,20.0,7.0,3.0,300.0,2.0,30.427563348002053,0.09128269004400616,uncalibrated
case_0346,cellbag10,37.0,20.0,7.0,3.0,300.0,5.0,30.427563348002053,0.09128269004400616,uncalibrated
case_0347,cellbag10,37.0,20.0,7.0,3.0,300.0,10.0,30.427563348002053,0.09128269004400616,uncalibrated
case_0348,cellbag10,37.0,20.0,7.0,3.0,300.0,20.0,30.427563348002053,0.09128269004400616,uncalibrated
case_0349,cellbag10,37.0,20.0,7.0,3.0,1000.0,2.0,30.427563348002053,0.09128269004400616,uncalibrated
case_0350,cellbag10,37.0,20.0,7.0,3.0,1000.0,5.0,30.427563348002053,0.09128269004400616,uncalibrated
case_0351,cellbag10,37.0,20.0,7.0,3.0,1000.0,10.0,30.427563348002053,0.09128269004400616,uncalibrated
case_0352,cellbag10,37.0,20.0,7.0,3.0,1000.0,20.0,30.427563348002053,0.09128269004400616,uncalibrated
case_0353,cellbag10,37.0,20.0,7.0,4.0,50.0,2.0,22.845493517496532,0.09138197406998613,uncalibrated
case_0354,cellbag10,37.0,20.0,7.0,4.0,50.0,5.0,22.845493517496532,0.09138197406998613,uncalibrated
case_0355,cellbag10,37.0,20.0,7.0,4.0,50.0,10.0,22.845493517496532,0.09138197406998613,uncalibrated
case_0356,cellbag10,37.0,20.0,7.0,4.0,50.0,20.0,22.845493517496532,0.09138197406998613,uncalibrated
case_0357,cellbag10,37.0,20.0,7.0,4.0,100.0,2.0,22.845493517496532,0.09138197406998613,uncalibrated
case_0358,cellbag10,37.0,20.0,7.0,4.0,100.0,5.0,22.845493517496532,0.09138197406998613,uncalibrated
case_0359,cellbag10,37.0,20.0,7.0,4.0,100.0,10.0,22.845493517496532,0.09138197406998613,uncalibrated
case_0360,cellbag10,37.0,20.0,7.0,4.0,100.0,20.0,22.845493517496532,0.09138197406998613,uncalibrated
case_0361,cellbag10,37.0,20.0,7.0,4.0,300.0,2.0,22.845493517496532,0.09138197406998613,uncalibrated
case_0362,cellbag10,37.0,20.0,7.0,4.0,300.0,5.0,22.845493517496532,0.09138197406998613,uncalibrated
case_0363,cellbag10,37.0,20.0,7.0,4.0,300.0,10.0,22.845493517496532,0.09138197406998613,uncalibrated
case_0364,cellbag10,37.0,20.0,7.0,4.0,300.0,20.0,22.845493517496532,0.09138197406998613,uncalibrated
case_0365,cellbag10,37.0,20.0,7.0,4.0,1000.0,2.0,22.845493517496532,0.09138197406998613,uncalibrated
case_0366,cellbag10,37.0,20.0,7.0,4.0,1000.0,5.0,22.845493517496532,0.09138197406998613,uncalibrated
case_0367,cellbag10,37.0,20.0,7.0,4.0,1000.0,10.0,22.845493517496532,0.09138197406998613,uncalibrated
case_0368,cellbag10,37.0,20.0,7.0,4.0,1000.0,20.0,22.845493517496532,0.09138197406998613,uncalibrated
case_0369,cellbag10,37.0,20.0,7.0,5.0,50.0,2.0,18.27639481399722,0.0913819740699861,uncalibrated
case_0370,cellbag10,37.0,20.0,7.0,5.0,50.0,5.0,18.27639481399722,0.0913819740699861,uncalibrated
case_0371,cellbag10,37.0,20.0,7.0,5.0,50.0,10.0,18.27639481399722,0.0913819740699861,uncalibrated
case_0372,cellbag10,37.0,20.0,7.0,5.0,50.0,20.0,18.27639481399722,0.0913819740699861,uncalibrated
case_0373,cellbag10,37.0,20.0,7.0,5.0,100.0,2.0,18.27639481399722,0.0913819740699861,uncalibrated
case_0374,cellbag10,37.0,20.0,7.0,5.0,100.0,5.0,18.27639481399722,0.0913819740699861,uncalibrated
case_0375,cellbag10,37.0,20.0,7.0,5.0,100.0,10.0,18.27639481399722,0.0913819740699861,uncalibrated
case_0376,cellbag10,37.0,20.0,7.0,5.0,100.0,20.0,18.27639481399722,0.0913819740699861,uncalibrated
case_0377,cellbag10,37.0,20.0,7.0,5.0,300.0,2.0,18.27639481399722,0.0913819740699861,uncalibrated
case_0378,cellbag10,37.0,20.0,7.0,5.0,300.0,5.0,18.27639481399722,0.0913819740699861,uncalibrated
case_0379,cellbag10,37.0,20.0,7.0,5.0,300.0,10.0,18.27639481399722,0.0913819740699861,uncalibrated
case_0380,cellbag10,37.0,20.0,7.0,5.0,300.0,20.0,18.27639481399722,0.0913819740699861,uncalibrated
case_0381,cellbag10,37.0,20.0,7.0,5.0,1000.0,2.0,18.27639481399722,0.0913819740699861,uncalibrated
case_0382,cellbag10,37.0,20.0,7.0,5.0,1000.0,5.0,18.27639481399722,0.0913819740699861,uncalibrated
case_0383,cellbag10,37.0,20.0,7.0,5.0,1000.0,10.0,18.27639481399722,0.0913819740699861,uncalibrated
case_0384,cellbag10,37.0,20.0,7.0,5.0,1000.0,20.0,18.27639481399722,0.0913819740699861,uncalibrated
case_0385,cellbag10,37.0,20.0,8.0,3.0,50.0,2.0,39.612766129697064,0.1188382983890912,uncalibrated
case_0386,cellbag10,37.0,20.0,8.0,3.0,50.0,5.0,39.612766129697064,0.1188382983890912,uncalibrated
case_0387,cellbag10,37.0,20.0,8.0,3.0,50.0,10.0,39.612766129697064,0.1188382983890912,uncalibrated
case_0388,cellbag10,37.0,20.0,8.0,3.0,50.0,20.0,39.612766129697064,0.1188382983890912,uncalibrated
case_0389,cellbag10,37.0,20.0,8.0,3.0,100.0,2.0,39.612766129697064,0.1188382983890912,uncalibrated
case_0390,cellbag10,37.0,20.0,8.0,3.0,100.0,5.0,39.612766129697064,0.1188382983890912,uncalibrated
case_0391,cellbag10,37.0,20.0,8.0,3.0,100.0,10.0,39.612766129697064,0.1188382983890912,uncalibrated
case_0392,cellbag10,37.0,20.0,8.0,3.0,100.0,20.0,39.612766129697064,0.1188382983890912,uncalibrated
case_0393,cellbag10,37.0,20.0,8.0,3.0,300.0,2.0,39.612766129697064,0.1188382983890912,uncalibrated
case_0394,cellbag10,37.0,20.0,8.0,3.0,300.0,5.0,39.612766129697064,0.1188382983890912,uncalibrated
case_0395,cellbag10,37.0,20.0,8.0,3.0,300.0,10.0,39.612766129697064,0.1188382983890912,uncalibrated
case_0396,cellbag10,37.0,20.0,8.0,3.0,300.0,20.0,39.612766129697064,0.1188382983890912,uncalibrated
case_0397,cellbag10,37.0,20.0,8.0,3.0,1000.0,2.0,39.612766129697064,0.1188382983890912,uncalibrated
case_0398,cellbag10,37.0,20.0,8.0,3.0,1000.0,5.0,39.612766129697064,0.1188382983890912,uncalibrated
case_0399,cellbag10,37.0,20.0,8.0,3.0,1000.0,10.0,39.612766129697064,0.1188382983890912,uncalibrated
case_0400,cellbag10,37.0,20.0,8.0,3.0,1000.0,20.0,39.612766129697064,0.1188382983890912,uncalibrated
case_0401,cellbag10,37.0,20.0,8.0,4.0,50.0,2.0,29.930783016599136,0.11972313206639655,uncalibrated
case_0402,cellbag10,37.0,20.0,8.0,4.0,50.0,5.0,29.930783016599136,0.11972313206639655,uncalibrated
case_0403,cellbag10,37.0,20.0,8.0,4.0,50.0,10.0,29.930783016599136,0.11972313206639655,uncalibrated
case_0404,cellbag10,37.0,20.0,8.0,4.0,50.0,20.0,29.930783016599136,0.11972313206639655,uncalibrated
case_0405,cellbag10,37.0,20.0,8.0,4.0,100.0,2.0,29.930783016599136,0.11972313206639655,uncalibrated
case_0406,cellbag10,37.0,20.0,8.0,4.0,100.0,5.0,29.930783016599136,0.11972313206639655,uncalibrated
case_0407,cellbag10,37.0,20.0,8.0,4.0,100.0,10.0,29.930783016599136,0.11972313206639655,uncalibrated
case_0408,cellbag10,37.0,20.0,8.0,4.0,100.0,20.0,29.930783016599136,0.11972313206639655,uncalibrated
case_0409,cellbag10,37.0,20.0,8.0,4.0,300.0,2.0,29.930783016599136,0.11972313206639655,uncalibrated
case_0410,cellbag10,37.0,20.0,8.0,4.0,300.0,5.0,29.930783016599136,0.11972313206639655,uncalibrated
case_0411,cellbag10,37.0,20.0,8.0,4.0,300.0,10.0,29.930783016599136,0.11972313206639655,uncalibrated
case_0412,cellbag10,37.0,20.0,8.0,4.0,300.0,20.0,29.930783016599136,0.11972313206639655,uncalibrated
case_0413,cellbag10,37.0,20.0,8.0,4.0,1000.0,2.0,29.930783016599136,0.11972313206639655,uncalibrated
case_0414,cellbag10,37.0,20.0,8.0,4.0,1000.0,5.0,29.930783016599136,0.11972313206639655,uncalibrated
case_0415,cellbag10,37.0,20.0,8.0,4.0,1000.0,10.0,29.930783016599136,0.11972313206639655,uncalibrated
case_0416,cellbag10,37.0,20.0,8.0,4.0,1000.0,20.0,29.930783016599136,0.11972313206639655,uncalibrated
case_0417,cellbag10,37.0,20.0,8.0,5.0,50.0,2.0,23.94462641327931,0.11972313206639655,uncalibrated
case_0418,cellbag10,37.0,20.0,8.0,5.0,50.0,5.0,23.94462641327931,0.11972313206639655,uncalibrated
case_0419,cellbag10,37.0,20.0,8.0,5.0,50.0,10.0,23.94462641327931,0.11972313206639655,uncalibrated
case_0420,cellbag10,37.0,20.0,8.0,5.0,50.0,20.0,23.94462641327931,0.11972313206639655,uncalibrated
case_0421,cellbag10,37.0,20.0,8.0,5.0,100.0,2.0,23.94462641327931,0.11972313206639655,uncalibrated
case_0422,cellbag10,37.0,20.0,8.0,5.0,100.0,5.0,23.94462641327931,0.11972313206639655,uncalibrated
case_0423,cellbag10,37.0,20.0,8.0,5.0,100.0,10.0,23.94462641327931,0.11972313206639655,uncalibrated
case_0424,cellbag10,37.0,20.0,8.0,5.0,100.0,20.0,23.94462641327931,0.11972313206639655,uncalibrated
case_0425,cellbag10,37.0,20.0,8.0,5.0,300.0,2.0,23.94462641327931,0.11972313206639655,uncalibrated
case_0426,cellbag10,37.0,20.0,8.0,5.0,300.0,5.0,23.94462641327931,0.11972313206639655,uncalibrated
case_0427,cellbag10,37.0,20.0,8.0,5.0,300.0,10.0,23.94462641327931,0.11972313206639655,uncalibrated
case_0428,cellbag10,37.0,20.0,8.0,5.0,300.0,20.0,23.94462641327931,0.11972313206639655,uncalibrated
case_0429,cellbag10,37.0,20.0,8.0,5.0,1000.0,2.0,23.94462641327931,0.11972313206639655,uncalibrated
case_0430,cellbag10,37.0,20.0,8.0,5.0,1000.0,5.0,23.94462641327931,0.11972313206639655,uncalibrated
case_0431,cellbag10,37.0,20.0,8.0,5.0,1000.0,10.0,23.94462641327931,0.11972313206639655,uncalibrated
case_0432,cellbag10,37.0,20.0,8.0,5.0,1000.0,20.0,23.94462641327931,0.11972313206639655,uncalibrated
case_0433,cellbag10,37.0,20.0,10.0,3.0,50.0,2.0,60.5707013692174,0.1817121041076522,uncalibrated
case_0434,cellbag10,37.0,20.0,10.0,3.0,50.0,5.0,60.5707013692174,0.1817121041076522,uncalibrated
case_0435,cellbag10,37.0,20.0,10.0,3.0,50.0,10.0,60.5707013692174,0.1817121041076522,uncalibrated
case_0436,cellbag10,37.0,20.0,10.0,3.0,50.0,20.0,60.5707013692174,0.1817121041076522,uncalibrated
case_0437,cellbag10,37.0,20.0,10.0,3.0,100.0,2.0,60.5707013692174,0.1817121041076522,uncalibrated
case_0438,cellbag10,37.0,20.0,10.0,3.0,100.0,5.0,60.5707013692174,0.1817121041076522,uncalibrated
case_0439,cellbag10,37.0,20.0,10.0,3.0,100.0,10.0,60.5707013692174,0.1817121041076522,uncalibrated
case_0440,cellbag10,37.0,20.0,10.0,3.0,100.0,20.0,60.5707013692174,0.1817121041076522,uncalibrated
case_0441,cellbag10,37.0,20.0,10.0,3.0,300.0,2.0,60.5707013692174,0.1817121041076522,uncalibrated
case_0442,cellbag10,37.0,20.0,10.0,3.0,300.0,5.0,60.5707013692174,0.1817121041076522,uncalibrated
case_0443,cellbag10,37.0,20.0,10.0,3.0,300.0,10.0,60.5707013692174,0.1817121041076522,uncalibrated
case_0444,cellbag10,37.0,20.0,10.0,3.0,300.0,20.0,60.5707013692174,0.1817121041076522,uncalibrated
case_0445,cellbag10,37.0,20.0,10.0,3.0,1000.0,2.0,60.5707013692174,0.1817121041076522,uncalibrated
case_0446,cellbag10,37.0,20.0,10.0,3.0,1000.0,5.0,60.5707013692174,0.1817121041076522,uncalibrated
case_0447,cellbag10,37.0,20.0,10.0,3.0,1000.0,10.0,60.5707013692174,0.1817121041076522,uncalibrated
case_0448,cellbag10,37.0,20.0,10.0,3.0,1000.0,20.0,60.5707013692174,0.1817121041076522,uncalibrated
case_0449,cellbag10,37.0,20.0,10.0,4.0,50.0,2.0,46.94025863772286,0.18776103455089146,uncalibrated
case_0450,cellbag10,37.0,20.0,10.0,4.0,50.0,5.0,46.94025863772286,0.18776103455089146,uncalibrated
case_0451,cellbag10,37.0,20.0,10.0,4.0,50.0,10.0,46.94025863772286,0.18776103455089146,uncalibrated
case_0452,cellbag10,37.0,20.0,10.0,4.0,50.0,20.0,46.94025863772286,0.18776103455089146,uncalibrated
case_0453,cellbag10,37.0,20.0,10.0,4.0,100.0,2.0,46.94025863772286,0.18776103455089146,uncalibrated
case_0454,cellbag10,37.0,20.0,10.0,4.0,100.0,5.0,46.94025863772286,0.18776103455089146,uncalibrated
case_0455,cellbag10,37.0,20.0,10.0,4.0,100.0,10.0,46.94025863772286,0.18776103455089146,uncalibrated
case_0456,cellbag10,37.0,20.0,10.0,4.0,100.0,20.0,46.94025863772286,0.18776103455089146,uncalibrated
case_0457,cellbag10,37.0,20.0,10.0,4.0,300.0,2.0,46.94025863772286,0.18776103455089146,uncalibrated
case_0458,cellbag10,37.0,20.0,10.0,4.0,300.0,5.0,46.94025863772286,0.18776103455089146,uncalibrated
case_0459,cellbag10,37.0,20.0,10.0,4.0,300.0,10.0,46.94025863772286,0.18776103455089146,uncalibrated
case_0460,cellbag10,37.0,20.0,10.0,4.0,300.0,20.0,46.94025863772286,0.18776103455089146,uncalibrated
case_0461,cellbag10,37.0,20.0,10.0,4.0,1000.0,2.0,46.94025863772286,0.18776103455089146,uncalibrated
case_0462,cellbag10,37.0,20.0,10.0,4.0,1000.0,5.0,46.94025863772286,0.18776103455089146,uncalibrated
case_0463,cellbag10,37.0,20.0,10.0,4.0,1000.0,10.0,46.94025863772286,0.18776103455089146,uncalibrated
case_0464,cellbag10,37.0,20.0,10.0,4.0,1000.0,20.0,46.94025863772286,0.18776103455089146,uncalibrated
case_0465,cellbag10,37.0,20.0,10.0,5.0,50.0,2.0,37.69125084470459,0.18845625422352297,uncalibrated
case_0466,cellbag10,37.0,20.0,10.0,5.0,50.0,5.0,37.69125084470459,0.18845625422352297,uncalibrated
case_0467,cellbag10,37.0,20.0,10.0,5.0,50.0,10.0,37.69125084470459,0.18845625422352297,uncalibrated
case_0468,cellbag10,37.0,20.0,10.0,5.0,50.0,20.0,37.69125084470459,0.18845625422352297,uncalibrated
case_0469,cellbag10,37.0,20.0,10.0,5.0,100.0,2.0,37.69125084470459,0.18845625422352297,uncalibrated
case_0470,cellbag10,37.0,20.0,10.0,5.0,100.0,5.0,37.69125084470459,0.18845625422352297,uncalibrated
case_0471,cellbag10,37.0,20.0,10.0,5.0,100.0,10.0,37.69125084470459,0.18845625422352297,uncalibrated
case_0472,cellbag10,37.0,20.0,10.0,5.0,100.0,20.0,37.69125084470459,0.18845625422352297,uncalibrated
case_0473,cellbag10,37.0,20.0,10.0,5.0,300.0,2.0,37.69125084470459,0.18845625422352297,uncalibrated
case_0474,cellbag10,37.0,20.0,10.0,5.0,300.0,5.0,37.69125084470459,0.18845625422352297,uncalibrated
case_0475,cellbag10,37.0,20.0,10.0,5.0,300.0,10.0,37.69125084470459,0.18845625422352297,uncalibrated
case_0476,cellbag10,37.0,20.0,10.0,5.0,300.0,20.0,37.69125084470459,0.18845625422352297,uncalibrated
case_0477,cellbag10,37.0,20.0,10.0,5.0,1000.0,2.0,37.69125084470459,0.18845625422352297,uncalibrated
case_0478,cellbag10,37.0,20.0,10.0,5.0,1000.0,5.0,37.69125084470459,0.18845625422352297,uncalibrated
case_0479,cellbag10,37.0,20.0,10.0,5.0,1000.0,10.0,37.69125084470459,0.18845625422352297,uncalibrated
case_0480,cellbag10,37.0,20.0,10.0,5.0,1000.0,20.0,37.69125084470459,0.18845625422352297,uncalibrated
case_0481,cellbag10,37.0,24.0,4.0,3.0,50.0,2.0,11.855516008385438,0.03556654802515631,uncalibrated
case_0482,cellbag10,37.0,24.0,4.0,3.0,50.0,5.0,11.855516008385438,0.03556654802515631,uncalibrated
case_0483,cellbag10,37.0,24.0,4.0,3.0,50.0,10.0,11.855516008385438,0.03556654802515631,uncalibrated
case_0484,cellbag10,37.0,24.0,4.0,3.0,50.0,20.0,11.855516008385438,0.03556654802515631,uncalibrated
case_0485,cellbag10,37.0,24.0,4.0,3.0,100.0,2.0,11.855516008385438,0.03556654802515631,uncalibrated
case_0486,cellbag10,37.0,24.0,4.0,3.0,100.0,5.0,11.855516008385438,0.03556654802515631,uncalibrated
case_0487,cellbag10,37.0,24.0,4.0,3.0,100.0,10.0,11.855516008385438,0.03556654802515631,uncalibrated
case_0488,cellbag10,37.0,24.0,4.0,3.0,100.0,20.0,11.855516008385438,0.03556654802515631,uncalibrated
case_0489,cellbag10,37.0,24.0,4.0,3.0,300.0,2.0,11.855516008385438,0.03556654802515631,uncalibrated
case_0490,cellbag10,37.0,24.0,4.0,3.0,300.0,5.0,11.855516008385438,0.03556654802515631,uncalibrated
case_0491,cellbag10,37.0,24.0,4.0,3.0,300.0,10.0,11.855516008385438,0.03556654802515631,uncalibrated
case_0492,cellbag10,37.0,24.0,4.0,3.0,300.0,20.0,11.855516008385438,0.03556654802515631,uncalibrated
case_0493,cellbag10,37.0,24.0,4.0,3.0,1000.0,2.0,11.855516008385438,0.03556654802515631,uncalibrated
case_0494,cellbag10,37.0,24.0,4.0,3.0,1000.0,5.0,11.855516008385438,0.03556654802515631,uncalibrated
case_0495,cellbag10,37.0,24.0,4.0,3.0,1000.0,10.0,11.855516008385438,0.03556654802515631,uncalibrated
case_0496,cellbag10,37.0,24.0,4.0,3.0,1000.0,20.0,11.855516008385438,0.03556654802515631,uncalibrated
case_0497,cellbag10,37.0,24.0,4.0,4.0,50.0,2.0,8.89163700628908,0.035566548025156325,uncalibrated
case_0498,cellbag10,37.0,24.0,4.0,4.0,50.0,5.0,8.89163700628908,0.035566548025156325,uncalibrated
case_0499,cellbag10,37.0,24.0,4.0,4.0,50.0,10.0,8.89163700628908,0.035566548025156325,uncalibrated
case_0500,cellbag10,37.0,24.0,4.0,4.0,50.0,20.0,8.89163700628908,0.035566548025156325,uncalibrated
case_0501,cellbag10,37.0,24.0,4.0,4.0,100.0,2.0,8.89163700628908,0.035566548025156325,uncalibrated
case_0502,cellbag10,37.0,24.0,4.0,4.0,100.0,5.0,8.89163700628908,0.035566548025156325,uncalibrated
case_0503,cellbag10,37.0,24.0,4.0,4.0,100.0,10.0,8.89163700628908,0.035566548025156325,uncalibrated
case_0504,cellbag10,37.0,24.0,4.0,4.0,100.0,20.0,8.89163700628908,0.035566548025156325,uncalibrated
case_0505,cellbag10,37.0,24.0,4.0,4.0,300.0,2.0,8.89163700628908,0.035566548025156325,uncalibrated
case_0506,cellbag10,37.0,24.0,4.0,4.0,300.0,5.0,8.89163700628908,0.035566548025156325,uncalibrated
case_0507,cellbag10,37.0,24.0,4.0,4.0,300.0,10.0,8.89163700628908,0.035566548025156325,uncalibrated
case_0508,cellbag10,37.0,24.0,4.0,4.0,300.0,20.0,8.89163700628908,0.035566548025156325,uncalibrated
case_0509,cellbag10,37.0,24.0,4.0,4.0,1000.0,2.0,8.89163700628908,0.035566548025156325,uncalibrated
case_0510,cellbag10,37.0,24.0,4.0,4.0,1000.0,5.0,8.89163700628908,0.035566548025156325,uncalibrated
case_0511,cellbag10,37.0,24.0,4.0,4.0,1000.0,10.0,8.89163700628908,0.035566548025156325,uncalibrated
case_0512,cellbag10,37.0,24.0,4.0,4.0,1000.0,20.0,8.89163700628908,0.035566548025156325,uncalibrated
case_0513,cellbag10,37.0,24.0,4.0,5.0,50.0,2.0,7.1133096050312625,0.03556654802515631,uncalibrated
case_0514,cellbag10,37.0,24.0,4.0,5.0,50.0,5.0,7.1133096050312625,0.03556654802515631,uncalibrated
case_0515,cellbag10,37.0,24.0,4.0,5.0,50.0,10.0,7.1133096050312625,0.03556654802515631,uncalibrated
case_0516,cellbag10,37.0,24.0,4.0,5.0,50.0,20.0,7.1133096050312625,0.03556654802515631,uncalibrated
case_0517,cellbag10,37.0,24.0,4.0,5.0,100.0,2.0,7.1133096050312625,0.03556654802515631,uncalibrated
case_0518,cellbag10,37.0,24.0,4.0,5.0,100.0,5.0,7.1133096050312625,0.03556654802515631,uncalibrated
case_0519,cellbag10,37.0,24.0,4.0,5.0,100.0,10.0,7.1133096050312625,0.03556654802515631,uncalibrated
case_0520,cellbag10,37.0,24.0,4.0,5.0,100.0,20.0,7.1133096050312625,0.03556654802515631,uncalibrated
case_0521,cellbag10,37.0,24.0,4.0,5.0,300.0,2.0,7.1133096050312625,0.03556654802515631,uncalibrated
case_0522,cellbag10,37.0,24.0,4.0,5.0,300.0,5.0,7.1133096050312625,0.03556654802515631,uncalibrated
case_0523,cellbag10,37.0,24.0,4.0,5.0,300.0,10.0,7.1133096050312625,0.03556654802515631,uncalibrated
case_0524,cellbag10,37.0,24.0,4.0,5.0,300.0,20.0,7.1133096050312625,0.03556654802515631,uncalibrated
case_0525,cellbag10,37.0,24.0,4.0,5.0,1000.0,2.0,7.1133096050312625,0.03556654802515631,uncalibrated
case_0526,cellbag10,37.0,24.0,4.0,5.0,1000.0,5.0,7.1133096050312625,0.03556654802515631,uncalibrated
case_0527,cellbag10,37.0,24.0,4.0,5.0,1000.0,10.0,7.1133096050312625,0.03556654802515631,uncalibrated
case_0528,cellbag10,37.0,24.0,4.0,5.0,1000.0,20.0,7.1133096050312625,0.03556654802515631,uncalibrated
case_0529,cellbag10,37.0,24.0,6.0,3.0,50.0,2.0,26.783876718205523,0.08035163015461658,uncalibrated
case_0530,cellbag10,37.0,24.0,6.0,3.0,50.0,5.0,26.783876718205523,0.08035163015461658,uncalibrated
case_0531,cellbag10,37.0,24.0,6.0,3.0,50.0,10.0,26.783876718205523,0.08035163015461658,uncalibrated
case_0532,cellbag10,37.0,24.0,6.0,3.0,50.0,20.0,26.783876718205523,0.08035163015461658,uncalibrated
case_0533,cellbag10,37.0,24.0,6.0,3.0,100.0,2.0,26.783876718205523,0.08035163015461658,uncalibrated
case_0534,cellbag10,37.0,24.0,6.0,3.0,100.0,5.0,26.783876718205523,0.08035163015461658,uncalibrated
case_0535,cellbag10,37.0,24.0,6.0,3.0,100.0,10.0,26.783876718205523,0.08035163015461658,uncalibrated
case_0536,cellbag10,37.0,24.0,6.0,3.0,100.0,20.0,26.783876718205523,0.08035163015461658,uncalibrated
case_0537,cellbag10,37.0,24.0,6.0,3.0,300.0,2.0,26.783876718205523,0.08035163015461658,uncalibrated
case_0538,cellbag10,37.0,24.0,6.0,3.0,300.0,5.0,26.783876718205523,0.08035163015461658,uncalibrated
case_0539,cellbag10,37.0,24.0,6.0,3.0,300.0,10.0,26.783876718205523,0.08035163015461658,uncalibrated
case_0540,cellbag10,37.0,24.0,6.0,3.0,300.0,20.0,26.783876718205523,0.08035163015461658,uncalibrated
case_0541,cellbag10,37.0,24.0,6.0,3.0,1000.0,2.0,26.783876718205523,0.08035163015461658,uncalibrated
case_0542,cellbag10,37.0,24.0,6.0,3.0,1000.0,5.0,26.783876718205523,0.08035163015461658,uncalibrated
case_0543,cellbag10,37.0,24.0,6.0,3.0,1000.0,10.0,26.783876718205523,0.08035163015461658,uncalibrated
case_0544,cellbag10,37.0,24.0,6.0,3.0,1000.0,20.0,26.783876718205523,0.08035163015461658,uncalibrated
case_0545,cellbag10,37.0,24.0,6.0,4.0,50.0,2.0,20.087907538654143,0.08035163015461658,uncalibrated
case_0546,cellbag10,37.0,24.0,6.0,4.0,50.0,5.0,20.087907538654143,0.08035163015461658,uncalibrated
case_0547,cellbag10,37.0,24.0,6.0,4.0,50.0,10.0,20.087907538654143,0.08035163015461658,uncalibrated
case_0548,cellbag10,37.0,24.0,6.0,4.0,50.0,20.0,20.087907538654143,0.08035163015461658,uncalibrated
case_0549,cellbag10,37.0,24.0,6.0,4.0,100.0,2.0,20.087907538654143,0.08035163015461658,uncalibrated
case_0550,cellbag10,37.0,24.0,6.0,4.0,100.0,5.0,20.087907538654143,0.08035163015461658,uncalibrated
case_0551,cellbag10,37.0,24.0,6.0,4.0,100.0,10.0,20.087907538654143,0.08035163015461658,uncalibrated
case_0552,cellbag10,37.0,24.0,6.0,4.0,100.0,20.0,20.087907538654143,0.08035163015461658,uncalibrated
case_0553,cellbag10,37.0,24.0,6.0,4.0,300.0,2.0,20.087907538654143,0.08035163015461658,uncalibrated
case_0554,cellbag10,37.0,24.0,6.0,4.0,300.0,5.0,20.087907538654143,0.08035163015461658,uncalibrated
case_0555,cellbag10,37.0,24.0,6.0,4.0,300.0,10.0,20.087907538654143,0.08035163015461658,uncalibrated
case_0556,cellbag10,37.0,24.0,6.0,4.0,300.0,20.0,20.087907538654143,0.08035163015461658,uncalibrated
case_0557,cellbag10,37.0,24.0,6.0,4.0,1000.0,2.0,20.087907538654143,0.08035163015461658,uncalibrated
case_0558,cellbag10,37.0,24.0,6.0,4.0,1000.0,5.0,20.087907538654143,0.08035163015461658,uncalibrated
case_0559,cellbag10,37.0,24.0,6.0,4.0,1000.0,10.0,20.087907538654143,0.08035163015461658,uncalibrated
case_0560,cellbag10,37.0,24.0,6.0,4.0,1000.0,20.0,20.087907538654143,0.08035163015461658,uncalibrated
case_0561,cellbag10,37.0,24.0,6.0,5.0,50.0,2.0,16.070326030923315,0.08035163015461658,uncalibrated
case_0562,cellbag10,37.0,24.0,6.0,5.0,50.0,5.0,16.070326030923315,0.08035163015461658,uncalibrated
case_0563,cellbag10,37.0,24.0,6.0,5.0,50.0,10.0,16.070326030923315,0.08035163015461658,uncalibrated
case_0564,cellbag10,37.0,24.0,6.0,5.0,50.0,20.0,16.070326030923315,0.08035163015461658,uncalibrated
case_0565,cellbag10,37.0,24.0,6.0,5.0,100.0,2.0,16.070326030923315,0.08035163015461658,uncalibrated
case_0566,cellbag10,37.0,24.0,6.0,5.0,100.0,5.0,16.070326030923315,0.08035163015461658,uncalibrated
case_0567,cellbag10,37.0,24.0,6.0,5.0,100.0,10.0,16.070326030923315,0.08035163015461658,uncalibrated
case_0568,cellbag10,37.0,24.0,6.0,5.0,100.0,20.0,16.070326030923315,0.08035163015461658,uncalibrated
case_0569,cellbag10,37.0,24.0,6.0,5.0,300.0,2.0,16.070326030923315,0.08035163015461658,uncalibrated
case_0570,cellbag10,37.0,24.0,6.0,5.0,300.0,5.0,16.070326030923315,0.08035163015461658,uncalibrated
case_0571,cellbag10,37.0,24.0,6.0,5.0,300.0,10.0,16.070326030923315,0.08035163015461658,uncalibrated
case_0572,cellbag10,37.0,24.0,6.0,5.0,300.0,20.0,16.070326030923315,0.08035163015461658,uncalibrated
case_0573,cellbag10,37.0,24.0,6.0,5.0,1000.0,2.0,16.070326030923315,0.08035163015461658,uncalibrated
case_0574,cellbag10,37.0,24.0,6.0,5.0,1000.0,5.0,16.070326030923315,0.08035163015461658,uncalibrated
case_0575,cellbag10,37.0,24.0,6.0,5.0,1000.0,10.0,16.070326030923315,0.08035163015461658,uncalibrated
case_0576,cellbag10,37.0,24.0,6.0,5.0,1000.0,20.0,16.070326030923315,0.08035163015461658,uncalibrated
case_0577,cellbag10,37.0,24.0,7.0,3.0,50.0,2.0,36.513076017602465,0.1095392280528074,uncalibrated
case_0578,cellbag10,37.0,24.0,7.0,3.0,50.0,5.0,36.513076017602465,0.1095392280528074,uncalibrated
case_0579,cellbag10,37.0,24.0,7.0,3.0,50.0,10.0,36.513076017602465,0.1095392280528074,uncalibrated
case_0580,cellbag10,37.0,24.0,7.0,3.0,50.0,20.0,36.513076017602465,0.1095392280528074,uncalibrated
case_0581,cellbag10,37.0,24.0,7.0,3.0,100.0,2.0,36.513076017602465,0.1095392280528074,uncalibrated
case_0582,cellbag10,37.0,24.0,7.0,3.0,100.0,5.0,36.513076017602465,0.1095392280528074,uncalibrated
case_0583,cellbag10,37.0,24.0,7.0,3.0,100.0,10.0,36.513076017602465,0.1095392280528074,uncalibrated
case_0584,cellbag10,37.0,24.0,7.0,3.0,100.0,20.0,36.513076017602465,0.1095392280528074,uncalibrated
case_0585,cellbag10,37.0,24.0,7.0,3.0,300.0,2.0,36.513076017602465,0.1095392280528074,uncalibrated
case_0586,cellbag10,37.0,24.0,7.0,3.0,300.0,5.0,36.513076017602465,0.1095392280528074,uncalibrated
case_0587,cellbag10,37.0,24.0,7.0,3.0,300.0,10.0,36.513076017602465,0.1095392280528074,uncalibrated
case_0588,cellbag10,37.0,24.0,7.0,3.0,300.0,20.0,36.513076017602465,0.1095392280528074,uncalibrated
case_0589,cellbag10,37.0,24.0,7.0,3.0,1000.0,2.0,36.513076017602465,0.1095392280528074,uncalibrated
case_0590,cellbag10,37.0,24.0,7.0,3.0,1000.0,5.0,36.513076017602465,0.1095392280528074,uncalibrated
case_0591,cellbag10,37.0,24.0,7.0,3.0,1000.0,10.0,36.513076017602465,0.1095392280528074,uncalibrated
case_0592,cellbag10,37.0,24.0,7.0,3.0,1000.0,20.0,36.513076017602465,0.1095392280528074,uncalibrated
case_0593,cellbag10,37.0,24.0,7.0,4.0,50.0,2.0,27.414592220995843,0.10965836888398338,uncalibrated
case_0594,cellbag10,37.0,24.0,7.0,4.0,50.0,5.0,27.414592220995843,0.10965836888398338,uncalibrated
case_0595,cellbag10,37.0,24.0,7.0,4.0,50.0,10.0,27.414592220995843,0.10965836888398338,uncalibrated
case_0596,cellbag10,37.0,24.0,7.0,4.0,50.0,20.0,27.414592220995843,0.10965836888398338,uncalibrated
case_0597,cellbag10,37.0,24.0,7.0,4.0,100.0,2.0,27.414592220995843,0.10965836888398338,uncalibrated
case_0598,cellbag10,37.0,24.0,7.0,4.0,100.0,5.0,27.414592220995843,0.10965836888398338,uncalibrated
case_0599,cellbag10,37.0,24.0,7.0,4.0,100.0,10.0,27.414592220995843,0.10965836888398338,uncalibrated
case_0600,cellbag10,37.0,24.0,7.0,4.0,100.0,20.0,27.414592220995843,0.10965836888398338,uncalibrated
case_0601,cellbag10,37.0,24.0,7.0,4.0,300.0,2.0,27.414592220995843,0.10965836888398338,uncalibrated
case_0602,cellbag10,37.0,24.0,7.0,4.0,300.0,5.0,27.414592220995843,0.10965836888398338,uncalibrated
case_0603,cellbag10,37.0,24.0,7.0,4.0,300.0,10.0,27.414592220995843,0.10965836888398338,uncalibrated
case_0604,cellbag10,37.0,24.0,7.0,4.0,300.0,20.0,27.414592220995843,0.10965836888398338,uncalibrated
case_0605,cellbag10,37.0,24.0,7.0,4.0,1000.0,2.0,27.414592220995843,0.10965836888398338,uncalibrated
case_0606,cellbag10,37.0,24.0,7.0,4.0,1000.0,5.0,27.414592220995843,0.10965836888398338,uncalibrated
case_0607,cellbag10,37.0,24.0,7.0,4.0,1000.0,10.0,27.414592220995843,0.10965836888398338,uncalibrated
case_0608,cellbag10,37.0,24.0,7.0,4.0,1000.0,20.0,27.414592220995843,0.10965836888398338,uncalibrated
case_0609,cellbag10,37.0,24.0,7.0,5.0,50.0,2.0,21.93167377679667,0.10965836888398336,uncalibrated
case_0610,cellbag10,37.0,24.0,7.0,5.0,50.0,5.0,21.93167377679667,0.10965836888398336,uncalibrated
case_0611,cellbag10,37.0,24.0,7.0,5.0,50.0,10.0,21.93167377679667,0.10965836888398336,uncalibrated
case_0612,cellbag10,37.0,24.0,7.0,5.0,50.0,20.0,21.93167377679667,0.10965836888398336,uncalibrated
case_0613,cellbag10,37.0,24.0,7.0,5.0,100.0,2.0,21.93167377679667,0.10965836888398336,uncalibrated
case_0614,cellbag10,37.0,24.0,7.0,5.0,100.0,5.0,21.93167377679667,0.10965836888398336,uncalibrated
case_0615,cellbag10,37.0,24.0,7.0,5.0,100.0,10.0,21.93167377679667,0.10965836888398336,uncalibrated
case_0616,cellbag10,37.0,24.0,7.0,5.0,100.0,20.0,21.93167377679667,0.10965836888398336,uncalibrated
case_0617,cellbag10,37.0,24.0,7.0,5.0,300.0,2.0,21.93167377679667,0.10965836888398336,uncalibrated
case_0618,cellbag10,37.0,24.0,7.0,5.0,300.0,5.0,21.93167377679667,0.10965836888398336,uncalibrated
case_0619,cellbag10,37.0,24.0,7.0,5.0,300.0,10.0,21.93167377679667,0.10965836888398336,uncalibrated
case_0620,cellbag10,37.0,24.0,7.0,5.0,300.0,20.0,21.93167377679667,0.10965836888398336,uncalibrated
case_0621,cellbag10,37.0,24.0,7.0,5.0,1000.0,2.0,21.93167377679667,0.10965836888398336,uncalibrated
case_0622,cellbag10,37.0,24.0,7.0,5.0,1000.0,5.0,21.93167377679667,0.10965836888398336,uncalibrated
case_0623,cellbag10,37.0,24.0,7.0,5.0,1000.0,10.0,21.93167377679667,0.10965836888398336,uncalibrated
case_0624,cellbag10,37.0,24.0,7.0,5.0,1000.0,20.0,21.93167377679667,0.10965836888398336,uncalibrated
case_0625,cellbag10,37.0,24.0,8.0,3.0,50.0,2.0,47.53531935563648,0.14260595806690946,uncalibrated
case_0626,cellbag10,37.0,24.0,8.0,3.0,50.0,5.0,47.53531935563648,0.14260595806690946,uncalibrated
case_0627,cellbag10,37.0,24.0,8.0,3.0,50.0,10.0,47.53531935563648,0.14260595806690946,uncalibrated
case_0628,cellbag10,37.0,24.0,8.0,3.0,50.0,20.0,47.53531935563648,0.14260595806690946,uncalibrated
case_0629,cellbag10,37.0,24.0,8.0,3.0,100.0,2.0,47.53531935563648,0.14260595806690946,uncalibrated
case_0630,cellbag10,37.0,24.0,8.0,3.0,100.0,5.0,47.53531935563648,0.14260595806690946,uncalibrated
case_0631,cellbag10,37.0,24.0,8.0,3.0,100.0,10.0,47.53531935563648,0.14260595806690946,uncalibrated
case_0632,cellbag10,37.0,24.0,8.0,3.0,100.0,20.0,47.53531935563648,0.14260595806690946,uncalibrated
case_0633,cellbag10,37.0,24.0,8.0,3.0,300.0,2.0,47.53531935563648,0.14260595806690946,uncalibrated
case_0634,cellbag10,37.0,24.0,8.0,3.0,300.0,5.0,47.53531935563648,0.14260595806690946,uncalibrated
case_0635,cellbag10,37.0,24.0,8.0,3.0,300.0,10.0,47.53531935563648,0.14260595806690946,uncalibrated
case_0636,cellbag10,37.0,24.0,8.0,3.0,300.0,20.0,47.53531935563648,0.14260595806690946,uncalibrated
case_0637,cellbag10,37.0,24.0,8.0,3.0,1000.0,2.0,47.53531935563648,0.14260595806690946,uncalibrated
case_0638,cellbag10,37.0,24.0,8.0,3.0,1000.0,5.0,47.53531935563648,0.14260595806690946,uncalibrated
case_0639,cellbag10,37.0,24.0,8.0,3.0,1000.0,10.0,47.53531935563648,0.14260595806690946,uncalibrated
case_0640,cellbag10,37.0,24.0,8.0,3.0,1000.0,20.0,47.53531935563648,0.14260595806690946,uncalibrated
case_0641,cellbag10,37.0,24.0,8.0,4.0,50.0,2.0,35.91693961991896,0.14366775847967586,uncalibrated
case_0642,cellbag10,37.0,24.0,8.0,4.0,50.0,5.0,35.91693961991896,0.14366775847967586,uncalibrated
case_0643,cellbag10,37.0,24.0,8.0,4.0,50.0,10.0,35.91693961991896,0.14366775847967586,uncalibrated
case_0644,cellbag10,37.0,24.0,8.0,4.0,50.0,20.0,35.91693961991896,0.14366775847967586,uncalibrated
case_0645,cellbag10,37.0,24.0,8.0,4.0,100.0,2.0,35.91693961991896,0.14366775847967586,uncalibrated
case_0646,cellbag10,37.0,24.0,8.0,4.0,100.0,5.0,35.91693961991896,0.14366775847967586,uncalibrated
case_0647,cellbag10,37.0,24.0,8.0,4.0,100.0,10.0,35.91693961991896,0.14366775847967586,uncalibrated
case_0648,cellbag10,37.0,24.0,8.0,4.0,100.0,20.0,35.91693961991896,0.14366775847967586,uncalibrated
case_0649,cellbag10,37.0,24.0,8.0,4.0,300.0,2.0,35.91693961991896,0.14366775847967586,uncalibrated
case_0650,cellbag10,37.0,24.0,8.0,4.0,300.0,5.0,35.91693961991896,0.14366775847967586,uncalibrated
case_0651,cellbag10,37.0,24.0,8.0,4.0,300.0,10.0,35.91693961991896,0.14366775847967586,uncalibrated
case_0652,cellbag10,37.0,24.0,8.0,4.0,300.0,20.0,35.91693961991896,0.14366775847967586,uncalibrated
case_0653,cellbag10,37.0,24.0,8.0,4.0,1000.0,2.0,35.91693961991896,0.14366775847967586,uncalibrated
case_0654,cellbag10,37.0,24.0,8.0,4.0,1000.0,5.0,35.91693961991896,0.14366775847967586,uncalibrated
case_0655,cellbag10,37.0,24.0,8.0,4.0,1000.0,10.0,35.91693961991896,0.14366775847967586,uncalibrated
case_0656,cellbag10,37.0,24.0,8.0,4.0,1000.0,20.0,35.91693961991896,0.14366775847967586,uncalibrated
case_0657,cellbag10,37.0,24.0,8.0,5.0,50.0,2.0,28.733551695935173,0.14366775847967586,uncalibrated
case_0658,cellbag10,37.0,24.0,8.0,5.0,50.0,5.0,28.733551695935173,0.14366775847967586,uncalibrated
case_0659,cellbag10,37.0,24.0,8.0,5.0,50.0,10.0,28.733551695935173,0.14366775847967586,uncalibrated
case_0660,cellbag10,37.0,24.0,8.0,5.0,50.0,20.0,28.733551695935173,0.14366775847967586,uncalibrated
case_0661,cellbag10,37.0,24.0,8.0,5.0,100.0,2.0,28.733551695935173,0.14366775847967586,uncalibrated
case_0662,cellbag10,37.0,24.0,8.0,5.0,100.0,5.0,28.733551695935173,0.14366775847967586,uncalibrated
case_0663,cellbag10,37.0,24.0,8.0,5.0,100.0,10.0,28.733551695935173,0.14366775847967586,uncalibrated
case_0664,cellbag10,37.0,24.0,8.0,5.0,100.0,20.0,28.733551695935173,0.14366775847967586,uncalibrated
case_0665,cellbag10,37.0,24.0,8.0,5.0,300.0,2.0,28.733551695935173,0.14366775847967586,uncalibrated
case_0666,cellbag10,37.0,24.0,8.0,5.0,300.0,5.0,28.733551695935173,0.14366775847967586,uncalibrated
case_0667,cellbag10,37.0,24.0,8.0,5.0,300.0,10.0,28.733551695935173,0.14366775847967586,uncalibrated
case_0668,cellbag10,37.0,24.0,8.0,5.0,300.0,20.0,28.733551695935173,0.14366775847967586,uncalibrated
case_0669,cellbag10,37.0,24.0,8.0,5.0,1000.0,2.0,28.733551695935173,0.14366775847967586,uncalibrated
case_0670,cellbag10,37.0,24.0,8.0,5.0,1000.0,5.0,28.733551695935173,0.14366775847967586,uncalibrated
case_0671,cellbag10,37.0,24.0,8.0,5.0,1000.0,10.0,28.733551695935173,0.14366775847967586,uncalibrated
case_0672,cellbag10,37.0,24.0,8.0,5.0,1000.0,20.0,28.733551695935173,0.14366775847967586,uncalibrated
case_0673,cellbag10,37.0,24.0,10.0,3.0,50.0,2.0,72.68484164306089,0.21805452492918267,uncalibrated
case_0674,cellbag10,37.0,24.0,10.0,3.0,50.0,5.0,72.68484164306089,0.21805452492918267,uncalibrated
case_0675,cellbag10,37.0,24.0,10.0,3.0,50.0,10.0,72.68484164306089,0.21805452492918267,uncalibrated
case_0676,cellbag10,37.0,24.0,10.0,3.0,50.0,20.0,72.68484164306089,0.21805452492918267,uncalibrated
case_0677,cellbag10,37.0,24.0,10.0,3.0,100.0,2.0,72.68484164306089,0.21805452492918267,uncalibrated
case_0678,cellbag10,37.0,24.0,10.0,3.0,100.0,5.0,72.68484164306089,0.21805452492918267,uncalibrated
case_0679,cellbag10,37.0,24.0,10.0,3.0,100.0,10.0,72.68484164306089,0.21805452492918267,uncalibrated
case_0680,cellbag10,37.0,24.0,10.0,3.0,100.0,20.0,72.68484164306089,0.21805452492918267,uncalibrated
case_0681,cellbag10,37.0,24.0,10.0,3.0,300.0,2.0,72.68484164306089,0.21805452492918267,uncalibrated
case_0682,cellbag10,37.0,24.0,10.0,3.0,300.0,5.0,72.68484164306089,0.21805452492918267,uncalibrated
case_0683,cellbag10,37.0,24.0,10.0,3.0,300.0,10.0,72.68484164306089,0.21805452492918267,uncalibrated
case_0684,cellbag10,37.0,24.0,10.0,3.0,300.0,20.0,72.68484164306089,0.21805452492918267,uncalibrated
case_0685,cellbag10,37.0,24.0,10.0,3.0,1000.0,2.0,72.68484164306089,0.21805452492918267,uncalibrated
case_0686,cellbag10,37.0,24.0,10.0,3.0,1000.0,5.0,72.68484164306089,0.21805452492918267,uncalibrated
case_0687,cellbag10,37.0,24.0,10.0,3.0,1000.0,10.0,72.68484164306089,0.21805452492918267,uncalibrated
case_0688,cellbag10,37.0,24.0,10.0,3.0,1000.0,20.0,72.68484164306089,0.21805452492918267,uncalibrated
case_0689,cellbag10,37.0,24.0,10.0,4.0,50.0,2.0,56.32831036526744,0.22531324146106976,uncalibrated
case_0690,cellbag10,37.0,24.0,10.0,4.0,50.0,5.0,56.32831036526744,0.22531324146106976,uncalibrated
case_0691,cellbag10,37.0,24.0,10.0,4.0,50.0,10.0,56.32831036526744,0.22531324146106976,uncalibrated
case_0692,cellbag10,37.0,24.0,10.0,4.0,50.0,20.0,56.32831036526744,0.22531324146106976,uncalibrated
case_0693,cellbag10,37.0,24.0,10.0,4.0,100.0,2.0,56.32831036526744,0.22531324146106976,uncalibrated
case_0694,cellbag10,37.0,24.0,10.0,4.0,100.0,5.0,56.32831036526744,0.22531324146106976,uncalibrated
case_0695,cellbag10,37.0,24.0,10.0,4.0,100.0,10.0,56.32831036526744,0.22531324146106976,uncalibrated
case_0696,cellbag10,37.0,24.0,10.0,4.0,100.0,20.0,56.32831036526744,0.22531324146106976,uncalibrated
case_0697,cellbag10,37.0,24.0,10.0,4.0,300.0,2.0,56.32831036526744,0.22531324146106976,uncalibrated
case_0698,cellbag10,37.0,24.0,10.0,4.0,300.0,5.0,56.32831036526744,0.22531324146106976,uncalibrated
case_0699,cellbag10,37.0,24.0,10.0,4.0,300.0,10.0,56.32831036526744,0.22531324146106976,uncalibrated
case_0700,cellbag10,37.0,24.0,10.0,4.0,300.0,20.0,56.32831036526744,0.22531324146106976,uncalibrated
case_0701,cellbag10,37.0,24.0,10.0,4.0,1000.0,2.0,56.32831036526744,0.22531324146106976,uncalibrated
case_0702,cellbag10,37.0,24.0,10.0,4.0,1000.0,5.0,56.32831036526744,0.22531324146106976,uncalibrated
case_0703,cellbag10,37.0,24.0,10.0,4.0,1000.0,10.0,56.32831036526744,0.22531324146106976,uncalibrated
case_0704,cellbag10,37.0,24.0,10.0,4.0,1000.0,20.0,56.32831036526744,0.22531324146106976,uncalibrated
case_0705,cellbag10,37.0,24.0,10.0,5.0,50.0,2.0,45.22950101364551,0.22614750506822756,uncalibrated
case_0706,cellbag10,37.0,24.0,10.0,5.0,50.0,5.0,45.22950101364551,0.22614750506822756,uncalibrated
case_0707,cellbag10,37.0,24.0,10.0,5.0,50.0,10.0,45.22950101364551,0.22614750506822756,uncalibrated
case_0708,cellbag10,37.0,24.0,10.0,5.0,50.0,20.0,45.22950101364551,0.22614750506822756,uncalibrated
case_0709,cellbag10,37.0,24.0,10.0,5.0,100.0,2.0,45.22950101364551,0.22614750506822756,uncalibrated
case_0710,cellbag10,37.0,24.0,10.0,5.0,100.0,5.0,45.22950101364551,0.22614750506822756,uncalibrated
case_0711,cellbag10,37.0,24.0,10.0,5.0,100.0,10.0,45.22950101364551,0.22614750506822756,uncalibrated
case_0712,cellbag10,37.0,24.0,10.0,5.0,100.0,20.0,45.22950101364551,0.22614750506822756,uncalibrated
case_0713,cellbag10,37.0,24.0,10.0,5.0,300.0,2.0,45.22950101364551,0.22614750506822756,uncalibrated
case_0714,cellbag10,37.0,24.0,10.0,5.0,300.0,5.0,45.22950101364551,0.22614750506822756,uncalibrated
case_0715,cellbag10,37.0,24.0,10.0,5.0,300.0,10.0,45.22950101364551,0.22614750506822756,uncalibrated
case_0716,cellbag10,37.0,24.0,10.0,5.0,300.0,20.0,45.22950101364551,0.22614750506822756,uncalibrated
case_0717,cellbag10,37.0,24.0,10.0,5.0,1000.0,2.0,45.22950101364551,0.22614750506822756,uncalibrated
case_0718,cellbag10,37.0,24.0,10.0,5.0,1000.0,5.0,45.22950101364551,0.22614750506822756,uncalibrated
case_0719,cellbag10,37.0,24.0,10.0,5.0,1000.0,10.0,45.22950101364551,0.22614750506822756,uncalibrated
case_0720,cellbag10,37.0,24.0,10.0,5.0,1000.0,20.0,45.22950101364551,0.22614750506822756,uncalibrated
case_0721,cellbag10,37.0,28.0,4.0,3.0,50.0,2.0,13.831435343116343,0.04149430602934903,uncalibrated
case_0722,cellbag10,37.0,28.0,4.0,3.0,50.0,5.0,13.831435343116343,0.04149430602934903,uncalibrated
case_0723,cellbag10,37.0,28.0,4.0,3.0,50.0,10.0,13.831435343116343,0.04149430602934903,uncalibrated
case_0724,cellbag10,37.0,28.0,4.0,3.0,50.0,20.0,13.831435343116343,0.04149430602934903,uncalibrated
case_0725,cellbag10,37.0,28.0,4.0,3.0,100.0,2.0,13.831435343116343,0.04149430602934903,uncalibrated
case_0726,cellbag10,37.0,28.0,4.0,3.0,100.0,5.0,13.831435343116343,0.04149430602934903,uncalibrated
case_0727,cellbag10,37.0,28.0,4.0,3.0,100.0,10.0,13.831435343116343,0.04149430602934903,uncalibrated
case_0728,cellbag10,37.0,28.0,4.0,3.0,100.0,20.0,13.831435343116343,0.04149430602934903,uncalibrated
case_0729,cellbag10,37.0,28.0,4.0,3.0,300.0,2.0,13.831435343116343,0.04149430602934903,uncalibrated
case_0730,cellbag10,37.0,28.0,4.0,3.0,300.0,5.0,13.831435343116343,0.04149430602934903,uncalibrated
case_0731,cellbag10,37.0,28.0,4.0,3.0,300.0,10.0,13.831435343116343,0.04149430602934903,uncalibrated
case_0732,cellbag10,37.0,28.0,4.0,3.0,300.0,20.0,13.831435343116343,0.04149430602934903,uncalibrated
case_0733,cellbag10,37.0,28.0,4.0,3.0,1000.0,2.0,13.831435343116343,0.04149430602934903,uncalibrated
case_0734,cellbag10,37.0,28.0,4.0,3.0,1000.0,5.0,13.831435343116343,0.04149430602934903,uncalibrated
case_0735,cellbag10,37.0,28.0,4.0,3.0,1000.0,10.0,13.831435343116343,0.04149430602934903,uncalibrated
case_0736,cellbag10,37.0,28.0,4.0,3.0,1000.0,20.0,13.831435343116343,0.04149430602934903,uncalibrated
case_0737,cellbag10,37.0,28.0,4.0,4.0,50.0,2.0,10.373576507337258,0.04149430602934903,uncalibrated
case_0738,cellbag10,37.0,28.0,4.0,4.0,50.0,5.0,10.373576507337258,0.04149430602934903,uncalibrated
case_0739,cellbag10,37.0,28.0,4.0,4.0,50.0,10.0,10.373576507337258,0.04149430602934903,uncalibrated
case_0740,cellbag10,37.0,28.0,4.0,4.0,50.0,20.0,10.373576507337258,0.04149430602934903,uncalibrated
case_0741,cellbag10,37.0,28.0,4.0,4.0,100.0,2.0,10.373576507337258,0.04149430602934903,uncalibrated
case_0742,cellbag10,37.0,28.0,4.0,4.0,100.0,5.0,10.373576507337258,0.04149430602934903,uncalibrated
case_0743,cellbag10,37.0,28.0,4.0,4.0,100.0,10.0,10.373576507337258,0.04149430602934903,uncalibrated
case_0744,cellbag10,37.0,28.0,4.0,4.0,100.0,20.0,10.373576507337258,0.04149430602934903,uncalibrated
case_0745,cellbag10,37.0,28.0,4.0,4.0,300.0,2.0,10.373576507337258,0.04149430602934903,uncalibrated
case_0746,cellbag10,37.0,28.0,4.0,4.0,300.0,5.0,10.373576507337258,0.04149430602934903,uncalibrated
case_0747,cellbag10,37.0,28.0,4.0,4.0,300.0,10.0,10.373576507337258,0.04149430602934903,uncalibrated
case_0748,cellbag10,37.0,28.0,4.0,4.0,300.0,20.0,10.373576507337258,0.04149430602934903,uncalibrated
case_0749,cellbag10,37.0,28.0,4.0,4.0,1000.0,2.0,10.373576507337258,0.04149430602934903,uncalibrated
case_0750,cellbag10,37.0,28.0,4.0,4.0,1000.0,5.0,10.373576507337258,0.04149430602934903,uncalibrated
case_0751,cellbag10,37.0,28.0,4.0,4.0,1000.0,10.0,10.373576507337258,0.04149430602934903,uncalibrated
case_0752,cellbag10,37.0,28.0,4.0,4.0,1000.0,20.0,10.373576507337258,0.04149430602934903,uncalibrated
case_0753,cellbag10,37.0,28.0,4.0,5.0,50.0,2.0,8.298861205869807,0.04149430602934904,uncalibrated
case_0754,cellbag10,37.0,28.0,4.0,5.0,50.0,5.0,8.298861205869807,0.04149430602934904,uncalibrated
case_0755,cellbag10,37.0,28.0,4.0,5.0,50.0,10.0,8.298861205869807,0.04149430602934904,uncalibrated
case_0756,cellbag10,37.0,28.0,4.0,5.0,50.0,20.0,8.298861205869807,0.04149430602934904,uncalibrated
case_0757,cellbag10,37.0,28.0,4.0,5.0,100.0,2.0,8.298861205869807,0.04149430602934904,uncalibrated
case_0758,cellbag10,37.0,28.0,4.0,5.0,100.0,5.0,8.298861205869807,0.04149430602934904,uncalibrated
case_0759,cellbag10,37.0,28.0,4.0,5.0,100.0,10.0,8.298861205869807,0.04149430602934904,uncalibrated
case_0760,cellbag10,37.0,28.0,4.0,5.0,100.0,20.0,8.298861205869807,0.04149430602934904,uncalibrated
case_0761,cellbag10,37.0,28.0,4.0,5.0,300.0,2.0,8.298861205869807,0.04149430602934904,uncalibrated
case_0762,cellbag10,37.0,28.0,4.0,5.0,300.0,5.0,8.298861205869807,0.04149430602934904,uncalibrated
case_0763,cellbag10,37.0,28.0,4.0,5.0,300.0,10.0,8.298861205869807,0.04149430602934904,uncalibrated
case_0764,cellbag10,37.0,28.0,4.0,5.0,300.0,20.0,8.298861205869807,0.04149430602934904,uncalibrated
case_0765,cellbag10,37.0,28.0,4.0,5.0,1000.0,2.0,8.298861205869807,0.04149430602934904,uncalibrated
case_0766,cellbag10,37.0,28.0,4.0,5.0,1000.0,5.0,8.298861205869807,0.04149430602934904,uncalibrated
case_0767,cellbag10,37.0,28.0,4.0,5.0,1000.0,10.0,8.298861205869807,0.04149430602934904,uncalibrated
case_0768,cellbag10,37.0,28.0,4.0,5.0,1000.0,20.0,8.298861205869807,0.04149430602934904,uncalibrated
case_0769,cellbag10,37.0,28.0,6.0,3.0,50.0,2.0,31.24785617123977,0.09374356851371932,uncalibrated
case_0770,cellbag10,37.0,28.0,6.0,3.0,50.0,5.0,31.24785617123977,0.09374356851371932,uncalibrated
case_0771,cellbag10,37.0,28.0,6.0,3.0,50.0,10.0,31.24785617123977,0.09374356851371932,uncalibrated
case_0772,cellbag10,37.0,28.0,6.0,3.0,50.0,20.0,31.24785617123977,0.09374356851371932,uncalibrated
case_0773,cellbag10,37.0,28.0,6.0,3.0,100.0,2.0,31.24785617123977,0.09374356851371932,uncalibrated
case_0774,cellbag10,37.0,28.0,6.0,3.0,100.0,5.0,31.24785617123977,0.09374356851371932,uncalibrated
case_0775,cellbag10,37.0,28.0,6.0,3.0,100.0,10.0,31.24785617123977,0.09374356851371932,uncalibrated
case_0776,cellbag10,37.0,28.0,6.0,3.0,100.0,20.0,31.24785617123977,0.09374356851371932,uncalibrated
case_0777,cellbag10,37.0,28.0,6.0,3.0,300.0,2.0,31.24785617123977,0.09374356851371932,uncalibrated
case_0778,cellbag10,37.0,28.0,6.0,3.0,300.0,5.0,31.24785617123977,0.09374356851371932,uncalibrated
case_0779,cellbag10,37.0,28.0,6.0,3.0,300.0,10.0,31.24785617123977,0.09374356851371932,uncalibrated
case_0780,cellbag10,37.0,28.0,6.0,3.0,300.0,20.0,31.24785617123977,0.09374356851371932,uncalibrated
case_0781,cellbag10,37.0,28.0,6.0,3.0,1000.0,2.0,31.24785617123977,0.09374356851371932,uncalibrated
case_0782,cellbag10,37.0,28.0,6.0,3.0,1000.0,5.0,31.24785617123977,0.09374356851371932,uncalibrated
case_0783,cellbag10,37.0,28.0,6.0,3.0,1000.0,10.0,31.24785617123977,0.09374356851371932,uncalibrated
case_0784,cellbag10,37.0,28.0,6.0,3.0,1000.0,20.0,31.24785617123977,0.09374356851371932,uncalibrated
case_0785,cellbag10,37.0,28.0,6.0,4.0,50.0,2.0,23.43589212842983,0.09374356851371933,uncalibrated
case_0786,cellbag10,37.0,28.0,6.0,4.0,50.0,5.0,23.43589212842983,0.09374356851371933,uncalibrated
case_0787,cellbag10,37.0,28.0,6.0,4.0,50.0,10.0,23.43589212842983,0.09374356851371933,uncalibrated
case_0788,cellbag10,37.0,28.0,6.0,4.0,50.0,20.0,23.43589212842983,0.09374356851371933,uncalibrated
case_0789,cellbag10,37.0,28.0,6.0,4.0,100.0,2.0,23.43589212842983,0.09374356851371933,uncalibrated
case_0790,cellbag10,37.0,28.0,6.0,4.0,100.0,5.0,23.43589212842983,0.09374356851371933,uncalibrated
case_0791,cellbag10,37.0,28.0,6.0,4.0,100.0,10.0,23.43589212842983,0.09374356851371933,uncalibrated
case_0792,cellbag10,37.0,28.0,6.0,4.0,100.0,20.0,23.43589212842983,0.09374356851371933,uncalibrated
case_0793,cellbag10,37.0,28.0,6.0,4.0,300.0,2.0,23.43589212842983,0.09374356851371933,uncalibrated
case_0794,cellbag10,37.0,28.0,6.0,4.0,300.0,5.0,23.43589212842983,0.09374356851371933,uncalibrated
case_0795,cellbag10,37.0,28.0,6.0,4.0,300.0,10.0,23.43589212842983,0.09374356851371933,uncalibrated
case_0796,cellbag10,37.0,28.0,6.0,4.0,300.0,20.0,23.43589212842983,0.09374356851371933,uncalibrated
case_0797,cellbag10,37.0,28.0,6.0,4.0,1000.0,2.0,23.43589212842983,0.09374356851371933,uncalibrated
case_0798,cellbag10,37.0,28.0,6.0,4.0,1000.0,5.0,23.43589212842983,0.09374356851371933,uncalibrated
case_0799,cellbag10,37.0,28.0,6.0,4.0,1000.0,10.0,23.43589212842983,0.09374356851371933,uncalibrated
case_0800,cellbag10,37.0,28.0,6.0,4.0,1000.0,20.0,23.43589212842983,0.09374356851371933,uncalibrated
case_0801,cellbag10,37.0,28.0,6.0,5.0,50.0,2.0,18.748713702743867,0.09374356851371934,uncalibrated
case_0802,cellbag10,37.0,28.0,6.0,5.0,50.0,5.0,18.748713702743867,0.09374356851371934,uncalibrated
case_0803,cellbag10,37.0,28.0,6.0,5.0,50.0,10.0,18.748713702743867,0.09374356851371934,uncalibrated
case_0804,cellbag10,37.0,28.0,6.0,5.0,50.0,20.0,18.748713702743867,0.09374356851371934,uncalibrated
case_0805,cellbag10,37.0,28.0,6.0,5.0,100.0,2.0,18.748713702743867,0.09374356851371934,uncalibrated
case_0806,cellbag10,37.0,28.0,6.0,5.0,100.0,5.0,18.748713702743867,0.09374356851371934,uncalibrated
case_0807,cellbag10,37.0,28.0,6.0,5.0,100.0,10.0,18.748713702743867,0.09374356851371934,uncalibrated
case_0808,cellbag10,37.0,28.0,6.0,5.0,100.0,20.0,18.748713702743867,0.09374356851371934,uncalibrated
case_0809,cellbag10,37.0,28.0,6.0,5.0,300.0,2.0,18.748713702743867,0.09374356851371934,uncalibrated
case_0810,cellbag10,37.0,28.0,6.0,5.0,300.0,5.0,18.748713702743867,0.09374356851371934,uncalibrated
case_0811,cellbag10,37.0,28.0,6.0,5.0,300.0,10.0,18.748713702743867,0.09374356851371934,uncalibrated
case_0812,cellbag10,37.0,28.0,6.0,5.0,300.0,20.0,18.748713702743867,0.09374356851371934,uncalibrated
case_0813,cellbag10,37.0,28.0,6.0,5.0,1000.0,2.0,18.748713702743867,0.09374356851371934,uncalibrated
case_0814,cellbag10,37.0,28.0,6.0,5.0,1000.0,5.0,18.748713702743867,0.09374356851371934,uncalibrated
case_0815,cellbag10,37.0,28.0,6.0,5.0,1000.0,10.0,18.748713702743867,0.09374356851371934,uncalibrated
case_0816,cellbag10,37.0,28.0,6.0,5.0,1000.0,20.0,18.748713702743867,0.09374356851371934,uncalibrated
case_0817,cellbag10,37.0,28.0,7.0,3.0,50.0,2.0,42.59858868720288,0.12779576606160864,uncalibrated
case_0818,cellbag10,37.0,28.0,7.0,3.0,50.0,5.0,42.59858868720288,0.12779576606160864,uncalibrated
case_0819,cellbag10,37.0,28.0,7.0,3.0,50.0,10.0,42.59858868720288,0.12779576606160864,uncalibrated
case_0820,cellbag10,37.0,28.0,7.0,3.0,50.0,20.0,42.59858868720288,0.12779576606160864,uncalibrated
case_0821,cellbag10,37.0,28.0,7.0,3.0,100.0,2.0,42.59858868720288,0.12779576606160864,uncalibrated
case_0822,cellbag10,37.0,28.0,7.0,3.0,100.0,5.0,42.59858868720288,0.12779576606160864,uncalibrated
case_0823,cellbag10,37.0,28.0,7.0,3.0,100.0,10.0,42.59858868720288,0.12779576606160864,uncalibrated
case_0824,cellbag10,37.0,28.0,7.0,3.0,100.0,20.0,42.59858868720288,0.12779576606160864,uncalibrated
case_0825,cellbag10,37.0,28.0,7.0,3.0,300.0,2.0,42.59858868720288,0.12779576606160864,uncalibrated
case_0826,cellbag10,37.0,28.0,7.0,3.0,300.0,5.0,42.59858868720288,0.12779576606160864,uncalibrated
case_0827,cellbag10,37.0,28.0,7.0,3.0,300.0,10.0,42.59858868720288,0.12779576606160864,uncalibrated
case_0828,cellbag10,37.0,28.0,7.0,3.0,300.0,20.0,42.59858868720288,0.12779576606160864,uncalibrated
case_0829,cellbag10,37.0,28.0,7.0,3.0,1000.0,2.0,42.59858868720288,0.12779576606160864,uncalibrated
case_0830,cellbag10,37.0,28.0,7.0,3.0,1000.0,5.0,42.59858868720288,0.12779576606160864,uncalibrated
case_0831,cellbag10,37.0,28.0,7.0,3.0,1000.0,10.0,42.59858868720288,0.12779576606160864,uncalibrated
case_0832,cellbag10,37.0,28.0,7.0,3.0,1000.0,20.0,42.59858868720288,0.12779576606160864,uncalibrated
case_0833,cellbag10,37.0,28.0,7.0,4.0,50.0,2.0,31.98369092449515,0.1279347636979806,uncalibrated
case_0834,cellbag10,37.0,28.0,7.0,4.0,50.0,5.0,31.98369092449515,0.1279347636979806,uncalibrated
case_0835,cellbag10,37.0,28.0,7.0,4.0,50.0,10.0,31.98369092449515,0.1279347636979806,uncalibrated
case_0836,cellbag10,37.0,28.0,7.0,4.0,50.0,20.0,31.98369092449515,0.1279347636979806,uncalibrated
case_0837,cellbag10,37.0,28.0,7.0,4.0,100.0,2.0,31.98369092449515,0.1279347636979806,uncalibrated
case_0838,cellbag10,37.0,28.0,7.0,4.0,100.0,5.0,31.98369092449515,0.1279347636979806,uncalibrated
case_0839,cellbag10,37.0,28.0,7.0,4.0,100.0,10.0,31.98369092449515,0.1279347636979806,uncalibrated
case_0840,cellbag10,37.0,28.0,7.0,4.0,100.0,20.0,31.98369092449515,0.1279347636979806,uncalibrated
case_0841,cellbag10,37.0,28.0,7.0,4.0,300.0,2.0,31.98369092449515,0.1279347636979806,uncalibrated
case_0842,cellbag10,37.0,28.0,7.0,4.0,300.0,5.0,31.98369092449515,0.1279347636979806,uncalibrated
case_0843,cellbag10,37.0,28.0,7.0,4.0,300.0,10.0,31.98369092449515,0.1279347636979806,uncalibrated
case_0844,cellbag10,37.0,28.0,7.0,4.0,300.0,20.0,31.98369092449515,0.1279347636979806,uncalibrated
case_0845,cellbag10,37.0,28.0,7.0,4.0,1000.0,2.0,31.98369092449515,0.1279347636979806,uncalibrated
case_0846,cellbag10,37.0,28.0,7.0,4.0,1000.0,5.0,31.98369092449515,0.1279347636979806,uncalibrated
case_0847,cellbag10,37.0,28.0,7.0,4.0,1000.0,10.0,31.98369092449515,0.1279347636979806,uncalibrated
case_0848,cellbag10,37.0,28.0,7.0,4.0,1000.0,20.0,31.98369092449515,0.1279347636979806,uncalibrated
case_0849,cellbag10,37.0,28.0,7.0,5.0,50.0,2.0,25.586952739596114,0.12793476369798057,uncalibrated
case_0850,cellbag10,37.0,28.0,7.0,5.0,50.0,5.0,25.586952739596114,0.12793476369798057,uncalibrated
case_0851,cellbag10,37.0,28.0,7.0,5.0,50.0,10.0,25.586952739596114,0.12793476369798057,uncalibrated
case_0852,cellbag10,37.0,28.0,7.0,5.0,50.0,20.0,25.586952739596114,0.12793476369798057,uncalibrated
case_0853,cellbag10,37.0,28.0,7.0,5.0,100.0,2.0,25.586952739596114,0.12793476369798057,uncalibrated
case_0854,cellbag10,37.0,28.0,7.0,5.0,100.0,5.0,25.586952739596114,0.12793476369798057,uncalibrated
case_0855,cellbag10,37.0,28.0,7.0,5.0,100.0,10.0,25.586952739596114,0.12793476369798057,uncalibrated
case_0856,cellbag10,37.0,28.0,7.0,5.0,100.0,20.0,25.586952739596114,0.12793476369798057,uncalibrated
case_0857,cellbag10,37.0,28.0,7.0,5.0,300.0,2.0,25.586952739596114,0.12793476369798057,uncalibrated
case_0858,cellbag10,37.0,28.0,7.0,5.0,300.0,5.0,25.586952739596114,0.12793476369798057,uncalibrated
case_0859,cellbag10,37.0,28.0,7.0,5.0,300.0,10.0,25.586952739596114,0.12793476369798057,uncalibrated
case_0860,cellbag10,37.0,28.0,7.0,5.0,300.0,20.0,25.586952739596114,0.12793476369798057,uncalibrated
case_0861,cellbag10,37.0,28.0,7.0,5.0,1000.0,2.0,25.586952739596114,0.12793476369798057,uncalibrated
case_0862,cellbag10,37.0,28.0,7.0,5.0,1000.0,5.0,25.586952739596114,0.12793476369798057,uncalibrated
case_0863,cellbag10,37.0,28.0,7.0,5.0,1000.0,10.0,25.586952739596114,0.12793476369798057,uncalibrated
case_0864,cellbag10,37.0,28.0,7.0,5.0,1000.0,20.0,25.586952739596114,0.12793476369798057,uncalibrated
case_0865,cellbag10,37.0,28.0,8.0,3.0,50.0,2.0,55.45787258157589,0.16637361774472767,uncalibrated
case_0866,cellbag10,37.0,28.0,8.0,3.0,50.0,5.0,55.45787258157589,0.16637361774472767,uncalibrated
case_0867,cellbag10,37.0,28.0,8.0,3.0,50.0,10.0,55.45787258157589,0.16637361774472767,uncalibrated
case_0868,cellbag10,37.0,28.0,8.0,3.0,50.0,20.0,55.45787258157589,0.16637361774472767,uncalibrated
case_0869,cellbag10,37.0,28.0,8.0,3.0,100.0,2.0,55.45787258157589,0.16637361774472767,uncalibrated
case_0870,cellbag10,37.0,28.0,8.0,3.0,100.0,5.0,55.45787258157589,0.16637361774472767,uncalibrated
case_0871,cellbag10,37.0,28.0,8.0,3.0,100.0,10.0,55.45787258157589,0.16637361774472767,uncalibrated
case_0872,cellbag10,37.0,28.0,8.0,3.0,100.0,20.0,55.45787258157589,0.16637361774472767,uncalibrated
case_0873,cellbag10,37.0,28.0,8.0,3.0,300.0,2.0,55.45787258157589,0.16637361774472767,uncalibrated
case_0874,cellbag10,37.0,28.0,8.0,3.0,300.0,5.0,55.45787258157589,0.16637361774472767,uncalibrated
case_0875,cellbag10,37.0,28.0,8.0,3.0,300.0,10.0,55.45787258157589,0.16637361774472767,uncalibrated
case_0876,cellbag10,37.0,28.0,8.0,3.0,300.0,20.0,55.45787258157589,0.16637361774472767,uncalibrated
case_0877,cellbag10,37.0,28.0,8.0,3.0,1000.0,2.0,55.45787258157589,0.16637361774472767,uncalibrated
case_0878,cellbag10,37.0,28.0,8.0,3.0,1000.0,5.0,55.45787258157589,0.16637361774472767,uncalibrated
case_0879,cellbag10,37.0,28.0,8.0,3.0,1000.0,10.0,55.45787258157589,0.16637361774472767,uncalibrated
case_0880,cellbag10,37.0,28.0,8.0,3.0,1000.0,20.0,55.45787258157589,0.16637361774472767,uncalibrated
case_0881,cellbag10,37.0,28.0,8.0,4.0,50.0,2.0,41.90309622323879,0.16761238489295516,uncalibrated
case_0882,cellbag10,37.0,28.0,8.0,4.0,50.0,5.0,41.90309622323879,0.16761238489295516,uncalibrated
case_0883,cellbag10,37.0,28.0,8.0,4.0,50.0,10.0,41.90309622323879,0.16761238489295516,uncalibrated
case_0884,cellbag10,37.0,28.0,8.0,4.0,50.0,20.0,41.90309622323879,0.16761238489295516,uncalibrated
case_0885,cellbag10,37.0,28.0,8.0,4.0,100.0,2.0,41.90309622323879,0.16761238489295516,uncalibrated
case_0886,cellbag10,37.0,28.0,8.0,4.0,100.0,5.0,41.90309622323879,0.16761238489295516,uncalibrated
case_0887,cellbag10,37.0,28.0,8.0,4.0,100.0,10.0,41.90309622323879,0.16761238489295516,uncalibrated
case_0888,cellbag10,37.0,28.0,8.0,4.0,100.0,20.0,41.90309622323879,0.16761238489295516,uncalibrated
case_0889,cellbag10,37.0,28.0,8.0,4.0,300.0,2.0,41.90309622323879,0.16761238489295516,uncalibrated
case_0890,cellbag10,37.0,28.0,8.0,4.0,300.0,5.0,41.90309622323879,0.16761238489295516,uncalibrated
case_0891,cellbag10,37.0,28.0,8.0,4.0,300.0,10.0,41.90309622323879,0.16761238489295516,uncalibrated
case_0892,cellbag10,37.0,28.0,8.0,4.0,300.0,20.0,41.90309622323879,0.16761238489295516,uncalibrated
case_0893,cellbag10,37.0,28.0,8.0,4.0,1000.0,2.0,41.90309622323879,0.16761238489295516,uncalibrated
case_0894,cellbag10,37.0,28.0,8.0,4.0,1000.0,5.0,41.90309622323879,0.16761238489295516,uncalibrated
case_0895,cellbag10,37.0,28.0,8.0,4.0,1000.0,10.0,41.90309622323879,0.16761238489295516,uncalibrated
case_0896,cellbag10,37.0,28.0,8.0,4.0,1000.0,20.0,41.90309622323879,0.16761238489295516,uncalibrated
case_0897,cellbag10,37.0,28.0,8.0,5.0,50.0,2.0,33.52247697859103,0.16761238489295516,uncalibrated
case_0898,cellbag10,37.0,28.0,8.0,5.0,50.0,5.0,33.52247697859103,0.16761238489295516,uncalibrated
case_0899,cellbag10,37.0,28.0,8.0,5.0,50.0,10.0,33.52247697859103,0.16761238489295516,uncalibrated
case_0900,cellbag10,37.0,28.0,8.0,5.0,50.0,20.0,33.52247697859103,0.16761238489295516,uncalibrated
case_0901,cellbag10,37.0,28.0,8.0,5.0,100.0,2.0,33.52247697859103,0.16761238489295516,uncalibrated
case_0902,cellbag10,37.0,28.0,8.0,5.0,100.0,5.0,33.52247697859103,0.16761238489295516,uncalibrated
case_0903,cellbag10,37.0,28.0,8.0,5.0,100.0,10.0,33.52247697859103,0.16761238489295516,uncalibrated
case_0904,cellbag10,37.0,28.0,8.0,5.0,100.0,20.0,33.52247697859103,0.16761238489295516,uncalibrated
case_0905,cellbag10,37.0,28.0,8.0,5.0,300.0,2.0,33.52247697859103,0.16761238489295516,uncalibrated
case_0906,cellbag10,37.0,28.0,8.0,5.0,300.0,5.0,33.52247697859103,0.16761238489295516,uncalibrated
case_0907,cellbag10,37.0,28.0,8.0,5.0,300.0,10.0,33.52247697859103,0.16761238489295516,uncalibrated
case_0908,cellbag10,37.0,28.0,8.0,5.0,300.0,20.0,33.52247697859103,0.16761238489295516,uncalibrated
case_0909,cellbag10,37.0,28.0,8.0,5.0,1000.0,2.0,33.52247697859103,0.16761238489295516,uncalibrated
case_0910,cellbag10,37.0,28.0,8.0,5.0,1000.0,5.0,33.52247697859103,0.16761238489295516,uncalibrated
case_0911,cellbag10,37.0,28.0,8.0,5.0,1000.0,10.0,33.52247697859103,0.16761238489295516,uncalibrated
case_0912,cellbag10,37.0,28.0,8.0,5.0,1000.0,20.0,33.52247697859103,0.16761238489295516,uncalibrated
case_0913,cellbag10,37.0,28.0,10.0,3.0,50.0,2.0,84.79898191690437,0.2543969457507131,uncalibrated
case_0914,cellbag10,37.0,28.0,10.0,3.0,50.0,5.0,84.79898191690437,0.2543969457507131,uncalibrated
case_0915,cellbag10,37.0,28.0,10.0,3.0,50.0,10.0,84.79898191690437,0.2543969457507131,uncalibrated
case_0916,cellbag10,37.0,28.0,10.0,3.0,50.0,20.0,84.79898191690437,0.2543969457507131,uncalibrated
case_0917,cellbag10,37.0,28.0,10.0,3.0,100.0,2.0,84.79898191690437,0.2543969457507131,uncalibrated
case_0918,cellbag10,37.0,28.0,10.0,3.0,100.0,5.0,84.79898191690437,0.2543969457507131,uncalibrated
case_0919,cellbag10,37.0,28.0,10.0,3.0,100.0,10.0,84.79898191690437,0.2543969457507131,uncalibrated
case_0920,cellbag10,37.0,28.0,10.0,3.0,100.0,20.0,84.79898191690437,0.2543969457507131,uncalibrated
case_0921,cellbag10,37.0,28.0,10.0,3.0,300.0,2.0,84.79898191690437,0.2543969457507131,uncalibrated
case_0922,cellbag10,37.0,28.0,10.0,3.0,300.0,5.0,84.79898191690437,0.2543969457507131,uncalibrated
case_0923,cellbag10,37.0,28.0,10.0,3.0,300.0,10.0,84.79898191690437,0.2543969457507131,uncalibrated
case_0924,cellbag10,37.0,28.0,10.0,3.0,300.0,20.0,84.79898191690437,0.2543969457507131,uncalibrated
case_0925,cellbag10,37.0,28.0,10.0,3.0,1000.0,2.0,84.79898191690437,0.2543969457507131,uncalibrated
case_0926,cellbag10,37.0,28.0,10.0,3.0,1000.0,5.0,84.79898191690437,0.2543969457507131,uncalibrated
case_0927,cellbag10,37.0,28.0,10.0,3.0,1000.0,10.0,84.79898191690437,0.2543969457507131,uncalibrated
case_0928,cellbag10,37.0,28.0,10.0,3.0,1000.0,20.0,84.79898191690437,0.2543969457507131,uncalibrated
case_0929,cellbag10,37.0,28.0,10.0,4.0,50.0,2.0,65.716362092812,0.26286544837124803,uncalibrated
case_0930,cellbag10,37.0,28.0,10.0,4.0,50.0,5.0,65.716362092812,0.26286544837124803,uncalibrated
case_0931,cellbag10,37.0,28.0,10.0,4.0,50.0,10.0,65.716362092812,0.26286544837124803,uncalibrated
case_0932,cellbag10,37.0,28.0,10.0,4.0,50.0,20.0,65.716362092812,0.26286544837124803,uncalibrated
case_0933,cellbag10,37.0,28.0,10.0,4.0,100.0,2.0,65.716362092812,0.26286544837124803,uncalibrated
case_0934,cellbag10,37.0,28.0,10.0,4.0,100.0,5.0,65.716362092812,0.26286544837124803,uncalibrated
case_0935,cellbag10,37.0,28.0,10.0,4.0,100.0,10.0,65.716362092812,0.26286544837124803,uncalibrated
case_0936,cellbag10,37.0,28.0,10.0,4.0,100.0,20.0,65.716362092812,0.26286544837124803,uncalibrated
case_0937,cellbag10,37.0,28.0,10.0,4.0,300.0,2.0,65.716362092812,0.26286544837124803,uncalibrated
case_0938,cellbag10,37.0,28.0,10.0,4.0,300.0,5.0,65.716362092812,0.26286544837124803,uncalibrated
case_0939,cellbag10,37.0,28.0,10.0,4.0,300.0,10.0,65.716362092812,0.26286544837124803,uncalibrated
case_0940,cellbag10,37.0,28.0,10.0,4.0,300.0,20.0,65.716362092812,0.26286544837124803,uncalibrated
case_0941,cellbag10,37.0,28.0,10.0,4.0,1000.0,2.0,65.716362092812,0.26286544837124803,uncalibrated
case_0942,cellbag10,37.0,28.0,10.0,4.0,1000.0,5.0,65.716362092812,0.26286544837124803,uncalibrated
case_0943,cellbag10,37.0,28.0,10.0,4.0,1000.0,10.0,65.716362092812,0.26286544837124803,uncalibrated
case_0944,cellbag10,37.0,28.0,10.0,4.0,1000.0,20.0,65.716362092812,0.26286544837124803,uncalibrated
case_0945,cellbag10,37.0,28.0,10.0,5.0,50.0,2.0,52.76775118258643,0.26383875591293215,uncalibrated
case_0946,cellbag10,37.0,28.0,10.0,5.0,50.0,5.0,52.76775118258643,0.26383875591293215,uncalibrated
case_0947,cellbag10,37.0,28.0,10.0,5.0,50.0,10.0,52.76775118258643,0.26383875591293215,uncalibrated
case_0948,cellbag10,37.0,28.0,10.0,5.0,50.0,20.0,52.76775118258643,0.26383875591293215,uncalibrated
case_0949,cellbag10,37.0,28.0,10.0,5.0,100.0,2.0,52.76775118258643,0.26383875591293215,uncalibrated
case_0950,cellbag10,37.0,28.0,10.0,5.0,100.0,5.0,52.76775118258643,0.26383875591293215,uncalibrated
case_0951,cellbag10,37.0,28.0,10.0,5.0,100.0,10.0,52.76775118258643,0.26383875591293215,uncalibrated
case_0952,cellbag10,37.0,28.0,10.0,5.0,100.0,20.0,52.76775118258643,0.26383875591293215,uncalibrated
case_0953,cellbag10,37.0,28.0,10.0,5.0,300.0,2.0,52.76775118258643,0.26383875591293215,uncalibrated
case_0954,cellbag10,37.0,28.0,10.0,5.0,300.0,5.0,52.76775118258643,0.26383875591293215,uncalibrated
case_0955,cellbag10,37.0,28.0,10.0,5.0,300.0,10.0,52.76775118258643,0.26383875591293215,uncalibrated
case_0956,cellbag10,37.0,28.0,10.0,5.0,300.0,20.0,52.76775118258643,0.26383875591293215,uncalibrated
case_0957,cellbag10,37.0,28.0,10.0,5.0,1000.0,2.0,52.76775118258643,0.26383875591293215,uncalibrated
case_0958,cellbag10,37.0,28.0,10.0,5.0,1000.0,5.0,52.76775118258643,0.26383875591293215,uncalibrated
case_0959,cellbag10,37.0,28.0,10.0,5.0,1000.0,10.0,52.76775118258643,0.26383875591293215,uncalibrated
case_0960,cellbag10,37.0,28.0,10.0,5.0,1000.0,20.0,52.76775118258643,0.26383875591293215,uncalibrated
case_0961,cellbag10,37.0,31.0,4.0,3.0,50.0,2.0,15.313374844164525,0.045940124532493576,uncalibrated
case_0962,cellbag10,37.0,31.0,4.0,3.0,50.0,5.0,15.313374844164525,0.045940124532493576,uncalibrated
case_0963,cellbag10,37.0,31.0,4.0,3.0,50.0,10.0,15.313374844164525,0.045940124532493576,uncalibrated
case_0964,cellbag10,37.0,31.0,4.0,3.0,50.0,20.0,15.313374844164525,0.045940124532493576,uncalibrated
case_0965,cellbag10,37.0,31.0,4.0,3.0,100.0,2.0,15.313374844164525,0.045940124532493576,uncalibrated
case_0966,cellbag10,37.0,31.0,4.0,3.0,100.0,5.0,15.313374844164525,0.045940124532493576,uncalibrated
case_0967,cellbag10,37.0,31.0,4.0,3.0,100.0,10.0,15.313374844164525,0.045940124532493576,uncalibrated
case_0968,cellbag10,37.0,31.0,4.0,3.0,100.0,20.0,15.313374844164525,0.045940124532493576,uncalibrated
case_0969,cellbag10,37.0,31.0,4.0,3.0,300.0,2.0,15.313374844164525,0.045940124532493576,uncalibrated
case_0970,cellbag10,37.0,31.0,4.0,3.0,300.0,5.0,15.313374844164525,0.045940124532493576,uncalibrated
case_0971,cellbag10,37.0,31.0,4.0,3.0,300.0,10.0,15.313374844164525,0.045940124532493576,uncalibrated
case_0972,cellbag10,37.0,31.0,4.0,3.0,300.0,20.0,15.313374844164525,0.045940124532493576,uncalibrated
case_0973,cellbag10,37.0,31.0,4.0,3.0,1000.0,2.0,15.313374844164525,0.045940124532493576,uncalibrated
case_0974,cellbag10,37.0,31.0,4.0,3.0,1000.0,5.0,15.313374844164525,0.045940124532493576,uncalibrated
case_0975,cellbag10,37.0,31.0,4.0,3.0,1000.0,10.0,15.313374844164525,0.045940124532493576,uncalibrated
case_0976,cellbag10,37.0,31.0,4.0,3.0,1000.0,20.0,15.313374844164525,0.045940124532493576,uncalibrated
case_0977,cellbag10,37.0,31.0,4.0,4.0,50.0,2.0,11.485031133123394,0.045940124532493576,uncalibrated
case_0978,cellbag10,37.0,31.0,4.0,4.0,50.0,5.0,11.485031133123394,0.045940124532493576,uncalibrated
case_0979,cellbag10,37.0,31.0,4.0,4.0,50.0,10.0,11.485031133123394,0.045940124532493576,uncalibrated
case_0980,cellbag10,37.0,31.0,4.0,4.0,50.0,20.0,11.485031133123394,0.045940124532493576,uncalibrated
case_0981,cellbag10,37.0,31.0,4.0,4.0,100.0,2.0,11.485031133123394,0.045940124532493576,uncalibrated
case_0982,cellbag10,37.0,31.0,4.0,4.0,100.0,5.0,11.485031133123394,0.045940124532493576,uncalibrated
case_0983,cellbag10,37.0,31.0,4.0,4.0,100.0,10.0,11.485031133123394,0.045940124532493576,uncalibrated
case_0984,cellbag10,37.0,31.0,4.0,4.0,100.0,20.0,11.485031133123394,0.045940124532493576,uncalibrated
case_0985,cellbag10,37.0,31.0,4.0,4.0,300.0,2.0,11.485031133123394,0.045940124532493576,uncalibrated
case_0986,cellbag10,37.0,31.0,4.0,4.0,300.0,5.0,11.485031133123394,0.045940124532493576,uncalibrated
case_0987,cellbag10,37.0,31.0,4.0,4.0,300.0,10.0,11.485031133123394,0.045940124532493576,uncalibrated
case_0988,cellbag10,37.0,31.0,4.0,4.0,300.0,20.0,11.485031133123394,0.045940124532493576,uncalibrated
case_0989,cellbag10,37.0,31.0,4.0,4.0,1000.0,2.0,11.485031133123394,0.045940124532493576,uncalibrated
case_0990,cellbag10,37.0,31.0,4.0,4.0,1000.0,5.0,11.485031133123394,0.045940124532493576,uncalibrated
case_0991,cellbag10,37.0,31.0,4.0,4.0,1000.0,10.0,11.485031133123394,0.045940124532493576,uncalibrated
case_0992,cellbag10,37.0,31.0,4.0,4.0,1000.0,20.0,11.485031133123394,0.045940124532493576,uncalibrated
case_0993,cellbag10,37.0,31.0,4.0,5.0,50.0,2.0,9.188024906498715,0.045940124532493576,uncalibrated
case_0994,cellbag10,37.0,31.0,4.0,5.0,50.0,5.0,9.188024906498715,0.045940124532493576,uncalibrated
case_0995,cellbag10,37.0,31.0,4.0,5.0,50.0,10.0,9.188024906498715,0.045940124532493576,uncalibrated
case_0996,cellbag10,37.0,31.0,4.0,5.0,50.0,20.0,9.188024906498715,0.045940124532493576,uncalibrated
case_0997,cellbag10,37.0,31.0,4.0,5.0,100.0,2.0,9.188024906498715,0.045940124532493576,uncalibrated
case_0998,cellbag10,37.0,31.0,4.0,5.0,100.0,5.0,9.188024906498715,0.045940124532493576,uncalibrated
case_0999,cellbag10,37.0,31.0,4.0,5.0,100.0,10.0,9.188024906498715,0.045940124532493576,uncalibrated
case_1000,cellbag10,37.0,31.0,4.0,5.0,100.0,20.0,9.188024906498715,0.045940124532493576,uncalibrated
case_1001,cellbag10,37.0,31.0,4.0,5.0,300.0,2.0,9.188024906498715,0.045940124532493576,uncalibrated
case_1002,cellbag10,37.0,31.0,4.0,5.0,300.0,5.0,9.188024906498715,0.045940124532493576,uncalibrated
case_1003,cellbag10,37.0,31.0,4.0,5.0,300.0,10.0,9.188024906498715,0.045940124532493576,uncalibrated
case_1004,cellbag10,37.0,31.0,4.0,5.0,300.0,20.0,9.188024906498715,0.045940124532493576,uncalibrated
case_1005,cellbag10,37.0,31.0,4.0,5.0,1000.0,2.0,9.188024906498715,0.045940124532493576,uncalibrated
case_1006,cellbag10,37.0,31.0,4.0,5.0,1000.0,5.0,9.188024906498715,0.045940124532493576,uncalibrated
case_1007,cellbag10,37.0,31.0,4.0,5.0,1000.0,10.0,9.188024906498715,0.045940124532493576,uncalibrated
case_1008,cellbag10,37.0,31.0,4.0,5.0,1000.0,20.0,9.188024906498715,0.045940124532493576,uncalibrated
case_1009,cellbag10,37.0,31.0,6.0,3.0,50.0,2.0,34.59584076101547,0.1037875222830464,uncalibrated
case_1010,cellbag10,37.0,31.0,6.0,3.0,50.0,5.0,34.59584076101547,0.1037875222830464,uncalibrated
case_1011,cellbag10,37.0,31.0,6.0,3.0,50.0,10.0,34.59584076101547,0.1037875222830464,uncalibrated
case_1012,cellbag10,37.0,31.0,6.0,3.0,50.0,20.0,34.59584076101547,0.1037875222830464,uncalibrated
case_1013,cellbag10,37.0,31.0,6.0,3.0,100.0,2.0,34.59584076101547,0.1037875222830464,uncalibrated
case_1014,cellbag10,37.0,31.0,6.0,3.0,100.0,5.0,34.59584076101547,0.1037875222830464,uncalibrated
case_1015,cellbag10,37.0,31.0,6.0,3.0,100.0,10.0,34.59584076101547,0.1037875222830464,uncalibrated
case_1016,cellbag10,37.0,31.0,6.0,3.0,100.0,20.0,34.59584076101547,0.1037875222830464,uncalibrated
case_1017,cellbag10,37.0,31.0,6.0,3.0,300.0,2.0,34.59584076101547,0.1037875222830464,uncalibrated
case_1018,cellbag10,37.0,31.0,6.0,3.0,300.0,5.0,34.59584076101547,0.1037875222830464,uncalibrated
case_1019,cellbag10,37.0,31.0,6.0,3.0,300.0,10.0,34.59584076101547,0.1037875222830464,uncalibrated
case_1020,cellbag10,37.0,31.0,6.0,3.0,300.0,20.0,34.59584076101547,0.1037875222830464,uncalibrated
case_1021,cellbag10,37.0,31.0,6.0,3.0,1000.0,2.0,34.59584076101547,0.1037875222830464,uncalibrated
case_1022,cellbag10,37.0,31.0,6.0,3.0,1000.0,5.0,34.59584076101547,0.1037875222830464,uncalibrated
case_1023,cellbag10,37.0,31.0,6.0,3.0,1000.0,10.0,34.59584076101547,0.1037875222830464,uncalibrated
case_1024,cellbag10,37.0,31.0,6.0,3.0,1000.0,20.0,34.59584076101547,0.1037875222830464,uncalibrated
case_1025,cellbag10,37.0,31.0,6.0,4.0,50.0,2.0,25.9468805707616,0.1037875222830464,uncalibrated
case_1026,cellbag10,37.0,31.0,6.0,4.0,50.0,5.0,25.9468805707616,0.1037875222830464,uncalibrated
case_1027,cellbag10,37.0,31.0,6.0,4.0,50.0,10.0,25.9468805707616,0.1037875222830464,uncalibrated
case_1028,cellbag10,37.0,31.0,6.0,4.0,50.0,20.0,25.9468805707616,0.1037875222830464,uncalibrated
case_1029,cellbag10,37.0,31.0,6.0,4.0,100.0,2.0,25.9468805707616,0.1037875222830464,uncalibrated
case_1030,cellbag10,37.0,31.0,6.0,4.0,100.0,5.0,25.9468805707616,0.1037875222830464,uncalibrated
case_1031,cellbag10,37.0,31.0,6.0,4.0,100.0,10.0,25.9468805707616,0.1037875222830464,uncalibrated
case_1032,cellbag10,37.0,31.0,6.0,4.0,100.0,20.0,25.9468805707616,0.1037875222830464,uncalibrated
case_1033,cellbag10,37.0,31.0,6.0,4.0,300.0,2.0,25.9468805707616,0.1037875222830464,uncalibrated
case_1034,cellbag10,37.0,31.0,6.0,4.0,300.0,5.0,25.9468805707616,0.1037875222830464,uncalibrated
case_1035,cellbag10,37.0,31.0,6.0,4.0,300.0,10.0,25.9468805707616,0.1037875222830464,uncalibrated
case_1036,cellbag10,37.0,31.0,6.0,4.0,300.0,20.0,25.9468805707616,0.1037875222830464,uncalibrated
case_1037,cellbag10,37.0,31.0,6.0,4.0,1000.0,2.0,25.9468805707616,0.1037875222830464,uncalibrated
case_1038,cellbag10,37.0,31.0,6.0,4.0,1000.0,5.0,25.9468805707616,0.1037875222830464,uncalibrated
case_1039,cellbag10,37.0,31.0,6.0,4.0,1000.0,10.0,25.9468805707616,0.1037875222830464,uncalibrated
case_1040,cellbag10,37.0,31.0,6.0,4.0,1000.0,20.0,25.9468805707616,0.1037875222830464,uncalibrated
case_1041,cellbag10,37.0,31.0,6.0,5.0,50.0,2.0,20.757504456609283,0.10378752228304641,uncalibrated
case_1042,cellbag10,37.0,31.0,6.0,5.0,50.0,5.0,20.757504456609283,0.10378752228304641,uncalibrated
case_1043,cellbag10,37.0,31.0,6.0,5.0,50.0,10.0,20.757504456609283,0.10378752228304641,uncalibrated
case_1044,cellbag10,37.0,31.0,6.0,5.0,50.0,20.0,20.757504456609283,0.10378752228304641,uncalibrated
case_1045,cellbag10,37.0,31.0,6.0,5.0,100.0,2.0,20.757504456609283,0.10378752228304641,uncalibrated
case_1046,cellbag10,37.0,31.0,6.0,5.0,100.0,5.0,20.757504456609283,0.10378752228304641,uncalibrated
case_1047,cellbag10,37.0,31.0,6.0,5.0,100.0,10.0,20.757504456609283,0.10378752228304641,uncalibrated
case_1048,cellbag10,37.0,31.0,6.0,5.0,100.0,20.0,20.757504456609283,0.10378752228304641,uncalibrated
case_1049,cellbag10,37.0,31.0,6.0,5.0,300.0,2.0,20.757504456609283,0.10378752228304641,uncalibrated
case_1050,cellbag10,37.0,31.0,6.0,5.0,300.0,5.0,20.757504456609283,0.10378752228304641,uncalibrated
case_1051,cellbag10,37.0,31.0,6.0,5.0,300.0,10.0,20.757504456609283,0.10378752228304641,uncalibrated
case_1052,cellbag10,37.0,31.0,6.0,5.0,300.0,20.0,20.757504456609283,0.10378752228304641,uncalibrated
case_1053,cellbag10,37.0,31.0,6.0,5.0,1000.0,2.0,20.757504456609283,0.10378752228304641,uncalibrated
case_1054,cellbag10,37.0,31.0,6.0,5.0,1000.0,5.0,20.757504456609283,0.10378752228304641,uncalibrated
case_1055,cellbag10,37.0,31.0,6.0,5.0,1000.0,10.0,20.757504456609283,0.10378752228304641,uncalibrated
case_1056,cellbag10,37.0,31.0,6.0,5.0,1000.0,20.0,20.757504456609283,0.10378752228304641,uncalibrated
case_1057,cellbag10,37.0,31.0,7.0,3.0,50.0,2.0,47.162723189403195,0.1414881695682096,uncalibrated
case_1058,cellbag10,37.0,31.0,7.0,3.0,50.0,5.0,47.162723189403195,0.1414881695682096,uncalibrated
case_1059,cellbag10,37.0,31.0,7.0,3.0,50.0,10.0,47.162723189403195,0.1414881695682096,uncalibrated
case_1060,cellbag10,37.0,31.0,7.0,3.0,50.0,20.0,47.162723189403195,0.1414881695682096,uncalibrated
case_1061,cellbag10,37.0,31.0,7.0,3.0,100.0,2.0,47.162723189403195,0.1414881695682096,uncalibrated
case_1062,cellbag10,37.0,31.0,7.0,3.0,100.0,5.0,47.162723189403195,0.1414881695682096,uncalibrated
case_1063,cellbag10,37.0,31.0,7.0,3.0,100.0,10.0,47.162723189403195,0.1414881695682096,uncalibrated
case_1064,cellbag10,37.0,31.0,7.0,3.0,100.0,20.0,47.162723189403195,0.1414881695682096,uncalibrated
case_1065,cellbag10,37.0,31.0,7.0,3.0,300.0,2.0,47.162723189403195,0.1414881695682096,uncalibrated
case_1066,cellbag10,37.0,31.0,7.0,3.0,300.0,5.0,47.162723189403195,0.1414881695682096,uncalibrated
case_1067,cellbag10,37.0,31.0,7.0,3.0,300.0,10.0,47.162723189403195,0.1414881695682096,uncalibrated
case_1068,cellbag10,37.0,31.0,7.0,3.0,300.0,20.0,47.162723189403195,0.1414881695682096,uncalibrated
case_1069,cellbag10,37.0,31.0,7.0,3.0,1000.0,2.0,47.162723189403195,0.1414881695682096,uncalibrated
case_1070,cellbag10,37.0,31.0,7.0,3.0,1000.0,5.0,47.162723189403195,0.1414881695682096,uncalibrated
case_1071,cellbag10,37.0,31.0,7.0,3.0,1000.0,10.0,47.162723189403195,0.1414881695682096,uncalibrated
case_1072,cellbag10,37.0,31.0,7.0,3.0,1000.0,20.0,47.162723189403195,0.1414881695682096,uncalibrated
case_1073,cellbag10,37.0,31.0,7.0,4.0,50.0,2.0,35.410514952119634,0.14164205980847855,uncalibrated
case_1074,cellbag10,37.0,31.0,7.0,4.0,50.0,5.0,35.410514952119634,0.14164205980847855,uncalibrated
case_1075,cellbag10,37.0,31.0,7.0,4.0,50.0,10.0,35.410514952119634,0.14164205980847855,uncalibrated
case_1076,cellbag10,37.0,31.0,7.0,4.0,50.0,20.0,35.410514952119634,0.14164205980847855,uncalibrated
case_1077,cellbag10,37.0,31.0,7.0,4.0,100.0,2.0,35.410514952119634,0.14164205980847855,uncalibrated
case_1078,cellbag10,37.0,31.0,7.0,4.0,100.0,5.0,35.410514952119634,0.14164205980847855,uncalibrated
case_1079,cellbag10,37.0,31.0,7.0,4.0,100.0,10.0,35.410514952119634,0.14164205980847855,uncalibrated
case_1080,cellbag10,37.0,31.0,7.0,4.0,100.0,20.0,35.410514952119634,0.14164205980847855,uncalibrated
case_1081,cellbag10,37.0,31.0,7.0,4.0,300.0,2.0,35.410514952119634,0.14164205980847855,uncalibrated
case_1082,cellbag10,37.0,31.0,7.0,4.0,300.0,5.0,35.410514952119634,0.14164205980847855,uncalibrated
case_1083,cellbag10,37.0,31.0,7.0,4.0,300.0,10.0,35.410514952119634,0.14164205980847855,uncalibrated
case_1084,cellbag10,37.0,31.0,7.0,4.0,300.0,20.0,35.410514952119634,0.14164205980847855,uncalibrated
case_1085,cellbag10,37.0,31.0,7.0,4.0,1000.0,2.0,35.410514952119634,0.14164205980847855,uncalibrated
case_1086,cellbag10,37.0,31.0,7.0,4.0,1000.0,5.0,35.410514952119634,0.14164205980847855,uncalibrated
case_1087,cellbag10,37.0,31.0,7.0,4.0,1000.0,10.0,35.410514952119634,0.14164205980847855,uncalibrated
case_1088,cellbag10,37.0,31.0,7.0,4.0,1000.0,20.0,35.410514952119634,0.14164205980847855,uncalibrated
case_1089,cellbag10,37.0,31.0,7.0,5.0,50.0,2.0,28.3284119616957,0.1416420598084785,uncalibrated
case_1090,cellbag10,37.0,31.0,7.0,5.0,50.0,5.0,28.3284119616957,0.1416420598084785,uncalibrated
case_1091,cellbag10,37.0,31.0,7.0,5.0,50.0,10.0,28.3284119616957,0.1416420598084785,uncalibrated
case_1092,cellbag10,37.0,31.0,7.0,5.0,50.0,20.0,28.3284119616957,0.1416420598084785,uncalibrated
case_1093,cellbag10,37.0,31.0,7.0,5.0,100.0,2.0,28.3284119616957,0.1416420598084785,uncalibrated
case_1094,cellbag10,37.0,31.0,7.0,5.0,100.0,5.0,28.3284119616957,0.1416420598084785,uncalibrated
case_1095,cellbag10,37.0,31.0,7.0,5.0,100.0,10.0,28.3284119616957,0.1416420598084785,uncalibrated
case_1096,cellbag10,37.0,31.0,7.0,5.0,100.0,20.0,28.3284119616957,0.1416420598084785,uncalibrated
case_1097,cellbag10,37.0,31.0,7.0,5.0,300.0,2.0,28.3284119616957,0.1416420598084785,uncalibrated
case_1098,cellbag10,37.0,31.0,7.0,5.0,300.0,5.0,28.3284119616957,0.1416420598084785,uncalibrated
case_1099,cellbag10,37.0,31.0,7.0,5.0,300.0,10.0,28.3284119616957,0.1416420598084785,uncalibrated
case_1100,cellbag10,37.0,31.0,7.0,5.0,300.0,20.0,28.3284119616957,0.1416420598084785,uncalibrated
case_1101,cellbag10,37.0,31.0,7.0,5.0,1000.0,2.0,28.3284119616957,0.1416420598084785,uncalibrated
case_1102,cellbag10,37.0,31.0,7.0,5.0,1000.0,5.0,28.3284119616957,0.1416420598084785,uncalibrated
case_1103,cellbag10,37.0,31.0,7.0,5.0,1000.0,10.0,28.3284119616957,0.1416420598084785,uncalibrated
case_1104,cellbag10,37.0,31.0,7.0,5.0,1000.0,20.0,28.3284119616957,0.1416420598084785,uncalibrated
case_1105,cellbag10,37.0,31.0,8.0,3.0,50.0,2.0,61.39978750103046,0.18419936250309138,uncalibrated
case_1106,cellbag10,37.0,31.0,8.0,3.0,50.0,5.0,61.39978750103046,0.18419936250309138,uncalibrated
case_1107,cellbag10,37.0,31.0,8.0,3.0,50.0,10.0,61.39978750103046,0.18419936250309138,uncalibrated
case_1108,cellbag10,37.0,31.0,8.0,3.0,50.0,20.0,61.39978750103046,0.18419936250309138,uncalibrated
case_1109,cellbag10,37.0,31.0,8.0,3.0,100.0,2.0,61.39978750103046,0.18419936250309138,uncalibrated
case_1110,cellbag10,37.0,31.0,8.0,3.0,100.0,5.0,61.39978750103046,0.18419936250309138,uncalibrated
case_1111,cellbag10,37.0,31.0,8.0,3.0,100.0,10.0,61.39978750103046,0.18419936250309138,uncalibrated
case_1112,cellbag10,37.0,31.0,8.0,3.0,100.0,20.0,61.39978750103046,0.18419936250309138,uncalibrated
case_1113,cellbag10,37.0,31.0,8.0,3.0,300.0,2.0,61.39978750103046,0.18419936250309138,uncalibrated
case_1114,cellbag10,37.0,31.0,8.0,3.0,300.0,5.0,61.39978750103046,0.18419936250309138,uncalibrated
case_1115,cellbag10,37.0,31.0,8.0,3.0,300.0,10.0,61.39978750103046,0.18419936250309138,uncalibrated
case_1116,cellbag10,37.0,31.0,8.0,3.0,300.0,20.0,61.39978750103046,0.18419936250309138,uncalibrated
case_1117,cellbag10,37.0,31.0,8.0,3.0,1000.0,2.0,61.39978750103046,0.18419936250309138,uncalibrated
case_1118,cellbag10,37.0,31.0,8.0,3.0,1000.0,5.0,61.39978750103046,0.18419936250309138,uncalibrated
case_1119,cellbag10,37.0,31.0,8.0,3.0,1000.0,10.0,61.39978750103046,0.18419936250309138,uncalibrated
case_1120,cellbag10,37.0,31.0,8.0,3.0,1000.0,20.0,61.39978750103046,0.18419936250309138,uncalibrated
case_1121,cellbag10,37.0,31.0,8.0,4.0,50.0,2.0,46.39271367572867,0.18557085470291468,uncalibrated
case_1122,cellbag10,37.0,31.0,8.0,4.0,50.0,5.0,46.39271367572867,0.18557085470291468,uncalibrated
case_1123,cellbag10,37.0,31.0,8.0,4.0,50.0,10.0,46.39271367572867,0.18557085470291468,uncalibrated
case_1124,cellbag10,37.0,31.0,8.0,4.0,50.0,20.0,46.39271367572867,0.18557085470291468,uncalibrated
case_1125,cellbag10,37.0,31.0,8.0,4.0,100.0,2.0,46.39271367572867,0.18557085470291468,uncalibrated
case_1126,cellbag10,37.0,31.0,8.0,4.0,100.0,5.0,46.39271367572867,0.18557085470291468,uncalibrated
case_1127,cellbag10,37.0,31.0,8.0,4.0,100.0,10.0,46.39271367572867,0.18557085470291468,uncalibrated
case_1128,cellbag10,37.0,31.0,8.0,4.0,100.0,20.0,46.39271367572867,0.18557085470291468,uncalibrated
case_1129,cellbag10,37.0,31.0,8.0,4.0,300.0,2.0,46.39271367572867,0.18557085470291468,uncalibrated
case_1130,cellbag10,37.0,31.0,8.0,4.0,300.0,5.0,46.39271367572867,0.18557085470291468,uncalibrated
case_1131,cellbag10,37.0,31.0,8.0,4.0,300.0,10.0,46.39271367572867,0.18557085470291468,uncalibrated
case_1132,cellbag10,37.0,31.0,8.0,4.0,300.0,20.0,46.39271367572867,0.18557085470291468,uncalibrated
case_1133,cellbag10,37.0,31.0,8.0,4.0,1000.0,2.0,46.39271367572867,0.18557085470291468,uncalibrated
case_1134,cellbag10,37.0,31.0,8.0,4.0,1000.0,5.0,46.39271367572867,0.18557085470291468,uncalibrated
case_1135,cellbag10,37.0,31.0,8.0,4.0,1000.0,10.0,46.39271367572867,0.18557085470291468,uncalibrated
case_1136,cellbag10,37.0,31.0,8.0,4.0,1000.0,20.0,46.39271367572867,0.18557085470291468,uncalibrated
case_1137,cellbag10,37.0,31.0,8.0,5.0,50.0,2.0,37.11417094058293,0.18557085470291465,uncalibrated
case_1138,cellbag10,37.0,31.0,8.0,5.0,50.0,5.0,37.11417094058293,0.18557085470291465,uncalibrated
case_1139,cellbag10,37.0,31.0,8.0,5.0,50.0,10.0,37.11417094058293,0.18557085470291465,uncalibrated
case_1140,cellbag10,37.0,31.0,8.0,5.0,50.0,20.0,37.11417094058293,0.18557085470291465,uncalibrated
case_1141,cellbag10,37.0,31.0,8.0,5.0,100.0,2.0,37.11417094058293,0.18557085470291465,uncalibrated
case_1142,cellbag10,37.0,31.0,8.0,5.0,100.0,5.0,37.11417094058293,0.18557085470291465,uncalibrated
case_1143,cellbag10,37.0,31.0,8.0,5.0,100.0,10.0,37.11417094058293,0.18557085470291465,uncalibrated
case_1144,cellbag10,37.0,31.0,8.0,5.0,100.0,20.0,37.11417094058293,0.18557085470291465,uncalibrated
case_1145,cellbag10,37.0,31.0,8.0,5.0,300.0,2.0,37.11417094058293,0.18557085470291465,uncalibrated
case_1146,cellbag10,37.0,31.0,8.0,5.0,300.0,5.0,37.11417094058293,0.18557085470291465,uncalibrated
case_1147,cellbag10,37.0,31.0,8.0,5.0,300.0,10.0,37.11417094058293,0.18557085470291465,uncalibrated
case_1148,cellbag10,37.0,31.0,8.0,5.0,300.0,20.0,37.11417094058293,0.18557085470291465,uncalibrated
case_1149,cellbag10,37.0,31.0,8.0,5.0,1000.0,2.0,37.11417094058293,0.18557085470291465,uncalibrated
case_1150,cellbag10,37.0,31.0,8.0,5.0,1000.0,5.0,37.11417094058293,0.18557085470291465,uncalibrated
case_1151,cellbag10,37.0,31.0,8.0,5.0,1000.0,10.0,37.11417094058293,0.18557085470291465,uncalibrated
case_1152,cellbag10,37.0,31.0,8.0,5.0,1000.0,20.0,37.11417094058293,0.18557085470291465,uncalibrated
case_1153,cellbag10,37.0,31.0,10.0,3.0,50.0,2.0,93.88458712228699,0.281653761366861,uncalibrated
case_1154,cellbag10,37.0,31.0,10.0,3.0,50.0,5.0,93.88458712228699,0.281653761366861,uncalibrated
case_1155,cellbag10,37.0,31.0,10.0,3.0,50.0,10.0,93.88458712228699,0.281653761366861,uncalibrated
case_1156,cellbag10,37.0,31.0,10.0,3.0,50.0,20.0,93.88458712228699,0.281653761366861,uncalibrated
case_1157,cellbag10,37.0,31.0,10.0,3.0,100.0,2.0,93.88458712228699,0.281653761366861,uncalibrated
case_1158,cellbag10,37.0,31.0,10.0,3.0,100.0,5.0,93.88458712228699,0.281653761366861,uncalibrated
case_1159,cellbag10,37.0,31.0,10.0,3.0,100.0,10.0,93.88458712228699,0.281653761366861,uncalibrated
case_1160,cellbag10,37.0,31.0,10.0,3.0,100.0,20.0,93.88458712228699,0.281653761366861,uncalibrated
case_1161,cellbag10,37.0,31.0,10.0,3.0,300.0,2.0,93.88458712228699,0.281653761366861,uncalibrated
case_1162,cellbag10,37.0,31.0,10.0,3.0,300.0,5.0,93.88458712228699,0.281653761366861,uncalibrated
case_1163,cellbag10,37.0,31.0,10.0,3.0,300.0,10.0,93.88458712228699,0.281653761366861,uncalibrated
case_1164,cellbag10,37.0,31.0,10.0,3.0,300.0,20.0,93.88458712228699,0.281653761366861,uncalibrated
case_1165,cellbag10,37.0,31.0,10.0,3.0,1000.0,2.0,93.88458712228699,0.281653761366861,uncalibrated
case_1166,cellbag10,37.0,31.0,10.0,3.0,1000.0,5.0,93.88458712228699,0.281653761366861,uncalibrated
case_1167,cellbag10,37.0,31.0,10.0,3.0,1000.0,10.0,93.88458712228699,0.281653761366861,uncalibrated
case_1168,cellbag10,37.0,31.0,10.0,3.0,1000.0,20.0,93.88458712228699,0.281653761366861,uncalibrated
case_1169,cellbag10,37.0,31.0,10.0,4.0,50.0,2.0,72.75740088847044,0.2910296035538818,uncalibrated
case_1170,cellbag10,37.0,31.0,10.0,4.0,50.0,5.0,72.75740088847044,0.2910296035538818,uncalibrated
case_1171,cellbag10,37.0,31.0,10.0,4.0,50.0,10.0,72.75740088847044,0.2910296035538818,uncalibrated
case_1172,cellbag10,37.0,31.0,10.0,4.0,50.0,20.0,72.75740088847044,0.2910296035538818,uncalibrated
case_1173,cellbag10,37.0,31.0,10.0,4.0,100.0,2.0,72.75740088847044,0.2910296035538818,uncalibrated
case_1174,cellbag10,37.0,31.0,10.0,4.0,100.0,5.0,72.75740088847044,0.2910296035538818,uncalibrated
case_1175,cellbag10,37.0,31.0,10.0,4.0,100.0,10.0,72.75740088847044,0.2910296035538818,uncalibrated
case_1176,cellbag10,37.0,31.0,10.0,4.0,100.0,20.0,72.75740088847044,0.2910296035538818,uncalibrated
case_1177,cellbag10,37.0,31.0,10.0,4.0,300.0,2.0,72.75740088847044,0.2910296035538818,uncalibrated
case_1178,cellbag10,37.0,31.0,10.0,4.0,300.0,5.0,72.75740088847044,0.2910296035538818,uncalibrated
case_1179,cellbag10,37.0,31.0,10.0,4.0,300.0,10.0,72.75740088847044,0.2910296035538818,uncalibrated
case_1180,cellbag10,37.0,31.0,10.0,4.0,300.0,20.0,72.75740088847044,0.2910296035538818,uncalibrated
case_1181,cellbag10,37.0,31.0,10.0,4.0,1000.0,2.0,72.75740088847044,0.2910296035538818,uncalibrated
case_1182,cellbag10,37.0,31.0,10.0,4.0,1000.0,5.0,72.75740088847044,0.2910296035538818,uncalibrated
case_1183,cellbag10,37.0,31.0,10.0,4.0,1000.0,10.0,72.75740088847044,0.2910296035538818,uncalibrated
case_1184,cellbag10,37.0,31.0,10.0,4.0,1000.0,20.0,72.75740088847044,0.2910296035538818,uncalibrated
case_1185,cellbag10,37.0,31.0,10.0,5.0,50.0,2.0,58.42143880929213,0.2921071940464606,uncalibrated
case_1186,cellbag10,37.0,31.0,10.0,5.0,50.0,5.0,58.42143880929213,0.2921071940464606,uncalibrated
case_1187,cellbag10,37.0,31.0,10.0,5.0,50.0,10.0,58.42143880929213,0.2921071940464606,uncalibrated
case_1188,cellbag10,37.0,31.0,10.0,5.0,50.0,20.0,58.42143880929213,0.2921071940464606,uncalibrated
case_1189,cellbag10,37.0,31.0,10.0,5.0,100.0,2.0,58.42143880929213,0.2921071940464606,uncalibrated
case_1190,cellbag10,37.0,31.0,10.0,5.0,100.0,5.0,58.42143880929213,0.2921071940464606,uncalibrated
case_1191,cellbag10,37.0,31.0,10.0,5.0,100.0,10.0,58.42143880929213,0.2921071940464606,uncalibrated
case_1192,cellbag10,37.0,31.0,10.0,5.0,100.0,20.0,58.42143880929213,0.2921071940464606,uncalibrated
case_1193,cellbag10,37.0,31.0,10.0,5.0,300.0,2.0,58.42143880929213,0.2921071940464606,uncalibrated
case_1194,cellbag10,37.0,31.0,10.0,5.0,300.0,5.0,58.42143880929213,0.2921071940464606,uncalibrated
case_1195,cellbag10,37.0,31.0,10.0,5.0,300.0,10.0,58.42143880929213,0.2921071940464606,uncalibrated
case_1196,cellbag10,37.0,31.0,10.0,5.0,300.0,20.0,58.42143880929213,0.2921071940464606,uncalibrated
case_1197,cellbag10,37.0,31.0,10.0,5.0,1000.0,2.0,58.42143880929213,0.2921071940464606,uncalibrated
case_1198,cellbag10,37.0,31.0,10.0,5.0,1000.0,5.0,58.42143880929213,0.2921071940464606,uncalibrated
case_1199,cellbag10,37.0,31.0,10.0,5.0,1000.0,10.0,58.42143880929213,0.2921071940464606,uncalibrated
case_1200,cellbag10,37.0,31.0,10.0,5.0,1000.0,20.0,58.42143880929213,0.2921071940464606,uncalibrated
